entry_time,exit_time,candidate_no,strategy,pnl_pips,equity_pips,drawdown_pips
2021-02-18 10:30:00,2021-02-18 23:55:00,1,"MACDクロス(12,21,12)",5.4,5.4,0.0
2021-02-22 10:25:00,2021-02-22 11:15:00,1,"MACDクロス(12,21,12)",20.0,25.4,0.0
2021-02-23 09:10:00,2021-02-23 17:35:00,1,"MACDクロス(12,21,12)",20.0,45.4,0.0
2021-02-26 12:15:00,2021-02-26 13:35:00,1,"MACDクロス(12,21,12)",20.0,65.4,0.0
2021-03-18 13:05:00,2021-03-18 16:25:00,1,"MACDクロス(12,21,12)",20.0,85.4,0.0
2021-03-19 13:40:00,2021-03-19 17:05:00,1,"MACDクロス(12,21,12)",-20.0,65.4,-20.0
2021-04-07 11:10:00,2021-04-07 16:30:00,1,"MACDクロス(12,21,12)",20.0,85.4,0.0
2021-04-09 10:45:00,2021-04-09 16:10:00,1,"MACDクロス(12,21,12)",20.0,105.4,0.0
2021-04-12 11:55:00,2021-04-12 18:30:00,1,"MACDクロス(12,21,12)",-20.0,85.4,-20.0
2021-04-14 09:55:00,2021-04-14 16:35:00,1,"MACDクロス(12,21,12)",-20.0,65.4,-40.0
2021-04-19 09:55:00,2021-04-19 16:30:00,1,"MACDクロス(12,21,12)",20.0,85.4,-20.0
2021-04-20 09:40:00,2021-04-20 10:50:00,1,"MACDクロス(12,21,12)",20.0,105.4,0.0
2021-04-21 10:00:00,2021-04-21 11:05:00,1,"MACDクロス(12,21,12)",-20.0,85.4,-20.0
2021-04-21 11:30:00,2021-04-21 16:40:00,1,"MACDクロス(12,21,12)",20.0,105.4,0.0
2021-04-23 10:30:00,2021-04-23 21:00:00,1,"MACDクロス(12,21,12)",-20.0,85.4,-20.0
2021-06-21 12:00:00,2021-06-21 12:30:00,1,"MACDクロス(12,21,12)",-20.0,65.4,-40.0
2021-06-21 13:15:00,2021-06-21 16:45:00,1,"MACDクロス(12,21,12)",20.0,85.4,-20.0
2021-07-07 10:30:00,2021-07-07 15:15:00,1,"MACDクロス(12,21,12)",20.0,105.4,0.0
2021-07-15 10:40:00,2021-07-15 21:15:00,1,"MACDクロス(12,21,12)",20.0,125.4,0.0
2021-07-19 09:25:00,2021-07-19 17:35:00,1,"MACDクロス(12,21,12)",-20.0,105.4,-20.0
2021-07-20 13:50:00,2021-07-20 16:30:00,1,"MACDクロス(12,21,12)",20.0,125.4,0.0
2021-08-16 10:20:00,2021-08-16 19:20:00,1,"MACDクロス(12,21,12)",-20.0,105.4,-20.0
2021-08-20 11:30:00,2021-08-20 23:55:00,1,"MACDクロス(12,21,12)",5.3,110.7,-14.7
2021-09-16 11:50:00,2021-09-16 21:30:00,1,"MACDクロス(12,21,12)",20.0,130.7,0.0
2021-09-22 09:30:00,2021-09-22 10:10:00,1,"MACDクロス(12,21,12)",20.0,150.7,0.0
2021-10-01 11:15:00,2021-10-01 13:05:00,1,"MACDクロス(12,21,12)",-20.0,130.7,-20.0
2021-10-01 13:55:00,2021-10-01 22:45:00,1,"MACDクロス(12,21,12)",-20.0,110.7,-40.0
2021-10-04 09:25:00,2021-10-04 16:25:00,1,"MACDクロス(12,21,12)",20.0,130.7,-20.0
2021-10-05 10:05:00,2021-10-05 12:45:00,1,"MACDクロス(12,21,12)",20.0,150.7,0.0
2021-10-18 11:05:00,2021-10-18 12:10:00,1,"MACDクロス(12,21,12)",-20.0,130.7,-20.0
2021-10-19 11:00:00,2021-10-19 15:30:00,1,"MACDクロス(12,21,12)",-20.0,110.7,-40.0
2021-10-21 14:05:00,2021-10-21 21:50:00,1,"MACDクロス(12,21,12)",-20.0,90.7,-60.0
2021-11-02 14:35:00,2021-11-02 17:55:00,1,"MACDクロス(12,21,12)",-20.0,70.7,-80.0
2021-11-05 11:15:00,2021-11-05 19:05:00,1,"MACDクロス(12,21,12)",20.0,90.7,-60.0
2021-11-09 13:10:00,2021-11-09 21:55:00,1,"MACDクロス(12,21,12)",20.0,110.7,-40.0
2021-11-18 11:45:00,2021-11-18 14:05:00,1,"MACDクロス(12,21,12)",20.0,130.7,-20.0
2021-11-26 10:00:00,2021-11-26 11:40:00,1,"MACDクロス(12,21,12)",-20.0,110.7,-40.0
2021-11-26 12:35:00,2021-11-26 15:20:00,1,"MACDクロス(12,21,12)",-20.0,90.7,-60.0
2021-11-29 12:35:00,2021-11-29 14:25:00,1,"MACDクロス(12,21,12)",-20.0,70.7,-80.0
2021-12-08 10:40:00,2021-12-08 17:35:00,1,"MACDクロス(12,21,12)",-20.0,50.7,-100.0
2021-12-17 13:45:00,2021-12-17 21:20:00,1,"MACDクロス(12,21,12)",-20.0,30.7,-120.0
2022-01-05 12:40:00,2022-01-05 19:10:00,1,"MACDクロス(12,21,12)",-20.0,10.7,-140.0
2022-01-06 13:00:00,2022-01-06 23:55:00,1,"MACDクロス(12,21,12)",8.2,18.9,-131.8
2022-01-13 11:10:00,2022-01-13 16:55:00,1,"MACDクロス(12,21,12)",-20.0,-1.1,-151.8
2022-01-14 11:45:00,2022-01-14 22:30:00,1,"MACDクロス(12,21,12)",-20.0,-21.1,-171.8
2022-01-20 11:00:00,2022-01-20 12:45:00,1,"MACDクロス(12,21,12)",20.0,-1.1,-151.8
2022-01-21 09:00:00,2022-01-21 09:40:00,1,"MACDクロス(12,21,12)",-20.0,-21.1,-171.8
2022-01-21 10:30:00,2022-01-21 11:55:00,1,"MACDクロス(12,21,12)",-20.0,-41.1,-191.8
2022-01-21 13:00:00,2022-01-21 17:05:00,1,"MACDクロス(12,21,12)",20.0,-21.1,-171.8
2022-02-14 11:30:00,2022-02-14 17:15:00,1,"MACDクロス(12,21,12)",-20.0,-41.1,-191.8
2022-02-17 14:00:00,2022-02-17 17:25:00,1,"MACDクロス(12,21,12)",-20.0,-61.1,-211.8
2022-02-22 10:50:00,2022-02-22 17:25:00,1,"MACDクロス(12,21,12)",-20.0,-81.1,-231.8
2022-02-24 09:35:00,2022-02-24 10:50:00,1,"MACDクロス(12,21,12)",-20.0,-101.1,-251.8
2022-02-24 13:50:00,2022-02-24 15:15:00,1,"MACDクロス(12,21,12)",-20.0,-121.1,-271.8
2022-03-04 10:05:00,2022-03-04 23:50:00,1,"MACDクロス(12,21,12)",-20.0,-141.1,-291.8
2022-03-25 12:20:00,2022-03-25 13:10:00,1,"MACDクロス(12,21,12)",20.0,-121.1,-271.8
2022-03-25 13:55:00,2022-03-25 14:30:00,1,"MACDクロス(12,21,12)",20.0,-101.1,-251.8
2022-03-29 13:20:00,2022-03-29 14:20:00,1,"MACDクロス(12,21,12)",20.0,-81.1,-231.8
2022-03-30 10:55:00,2022-03-30 11:10:00,1,"MACDクロス(12,21,12)",-20.0,-101.1,-251.8
2022-03-30 11:25:00,2022-03-30 11:40:00,1,"MACDクロス(12,21,12)",20.0,-81.1,-231.8
2022-03-30 12:45:00,2022-03-30 13:05:00,1,"MACDクロス(12,21,12)",20.0,-61.1,-211.8
2022-04-04 10:10:00,2022-04-04 11:10:00,1,"MACDクロス(12,21,12)",20.0,-41.1,-191.8
2022-04-05 10:50:00,2022-04-05 16:25:00,1,"MACDクロス(12,21,12)",20.0,-21.1,-171.8
2022-04-07 10:10:00,2022-04-07 19:55:00,1,"MACDクロス(12,21,12)",20.0,-1.1,-151.8
2022-04-14 09:35:00,2022-04-14 10:55:00,1,"MACDクロス(12,21,12)",-20.0,-21.1,-171.8
2022-04-14 11:25:00,2022-04-14 12:25:00,1,"MACDクロス(12,21,12)",-20.0,-41.1,-191.8
2022-04-22 14:35:00,2022-04-22 14:55:00,1,"MACDクロス(12,21,12)",-20.0,-61.1,-211.8
2022-04-25 12:15:00,2022-04-25 15:35:00,1,"MACDクロス(12,21,12)",-20.0,-81.1,-231.8
2022-04-26 10:05:00,2022-04-26 11:40:00,1,"MACDクロス(12,21,12)",20.0,-61.1,-211.8
2022-05-02 09:55:00,2022-05-02 12:15:00,1,"MACDクロス(12,21,12)",20.0,-41.1,-191.8
2022-05-05 09:50:00,2022-05-05 10:05:00,1,"MACDクロス(12,21,12)",-20.0,-61.1,-211.8
2022-05-05 11:05:00,2022-05-05 12:20:00,1,"MACDクロス(12,21,12)",20.0,-41.1,-191.8
2022-05-10 10:35:00,2022-05-10 10:55:00,1,"MACDクロス(12,21,12)",20.0,-21.1,-171.8
2022-05-12 09:55:00,2022-05-12 15:20:00,1,"MACDクロス(12,21,12)",-20.0,-41.1,-191.8
2022-05-16 11:55:00,2022-05-16 16:25:00,1,"MACDクロス(12,21,12)",20.0,-21.1,-171.8
2022-05-19 09:25:00,2022-05-19 09:35:00,1,"MACDクロス(12,21,12)",20.0,-1.1,-151.8
2022-05-20 13:50:00,2022-05-20 15:10:00,1,"MACDクロス(12,21,12)",20.0,18.9,-131.8
2022-05-23 11:45:00,2022-05-23 14:35:00,1,"MACDクロス(12,21,12)",20.0,38.9,-111.8
2022-05-27 10:20:00,2022-05-27 10:30:00,1,"MACDクロス(12,21,12)",-20.0,18.9,-131.8
2022-05-27 10:40:00,2022-05-27 11:30:00,1,"MACDクロス(12,21,12)",20.0,38.9,-111.8
2022-06-10 14:10:00,2022-06-10 15:30:00,1,"MACDクロス(12,21,12)",-20.0,18.9,-131.8
2022-06-14 10:00:00,2022-06-14 10:20:00,1,"MACDクロス(12,21,12)",20.0,38.9,-111.8
2022-06-23 12:35:00,2022-06-23 13:05:00,1,"MACDクロス(12,21,12)",-20.0,18.9,-131.8
2022-06-24 09:20:00,2022-06-24 10:20:00,1,"MACDクロス(12,21,12)",-20.0,-1.1,-151.8
2022-06-27 10:40:00,2022-06-27 11:45:00,1,"MACDクロス(12,21,12)",20.0,18.9,-131.8
2022-07-01 12:55:00,2022-07-01 14:00:00,1,"MACDクロス(12,21,12)",-20.0,-1.1,-151.8
2022-07-01 14:10:00,2022-07-01 14:50:00,1,"MACDクロス(12,21,12)",-20.0,-21.1,-171.8
2022-07-08 12:50:00,2022-07-08 16:10:00,1,"MACDクロス(12,21,12)",20.0,-1.1,-151.8
2022-07-22 09:15:00,2022-07-22 10:05:00,1,"MACDクロス(12,21,12)",20.0,18.9,-131.8
2022-07-25 11:50:00,2022-07-25 15:15:00,1,"MACDクロス(12,21,12)",20.0,38.9,-111.8
2022-07-28 09:20:00,2022-07-28 10:00:00,1,"MACDクロス(12,21,12)",-20.0,18.9,-131.8
2022-07-28 10:05:00,2022-07-28 10:10:00,1,"MACDクロス(12,21,12)",20.0,38.9,-111.8
2022-07-28 11:15:00,2022-07-28 11:30:00,1,"MACDクロス(12,21,12)",-20.0,18.9,-131.8
2022-07-28 14:50:00,2022-07-28 16:15:00,1,"MACDクロス(12,21,12)",-20.0,-1.1,-151.8
2022-07-29 13:35:00,2022-07-29 14:15:00,1,"MACDクロス(12,21,12)",-20.0,-21.1,-171.8
2022-07-29 14:40:00,2022-07-29 15:25:00,1,"MACDクロス(12,21,12)",20.0,-1.1,-151.8
2022-08-01 11:00:00,2022-08-01 12:10:00,1,"MACDクロス(12,21,12)",20.0,18.9,-131.8
2022-08-01 13:20:00,2022-08-01 14:00:00,1,"MACDクロス(12,21,12)",-20.0,-1.1,-151.8
2022-08-01 14:25:00,2022-08-01 15:55:00,1,"MACDクロス(12,21,12)",20.0,18.9,-131.8
2022-08-02 10:55:00,2022-08-02 12:10:00,1,"MACDクロス(12,21,12)",20.0,38.9,-111.8
2022-08-02 13:25:00,2022-08-02 14:25:00,1,"MACDクロス(12,21,12)",20.0,58.9,-91.8
2022-08-05 09:10:00,2022-08-05 10:05:00,1,"MACDクロス(12,21,12)",20.0,78.9,-71.8
2022-08-15 10:25:00,2022-08-15 12:15:00,1,"MACDクロス(12,21,12)",20.0,98.9,-51.8
2022-09-08 13:45:00,2022-09-08 14:45:00,1,"MACDクロス(12,21,12)",-20.0,78.9,-71.8
2022-09-08 14:50:00,2022-09-08 15:15:00,1,"MACDクロス(12,21,12)",20.0,98.9,-51.8
2022-09-09 10:00:00,2022-09-09 10:20:00,1,"MACDクロス(12,21,12)",-20.0,78.9,-71.8
2022-09-09 10:25:00,2022-09-09 12:15:00,1,"MACDクロス(12,21,12)",20.0,98.9,-51.8
2022-09-09 12:20:00,2022-09-09 12:20:00,1,"MACDクロス(12,21,12)",20.0,118.9,-31.8
2022-09-09 14:00:00,2022-09-09 15:00:00,1,"MACDクロス(12,21,12)",20.0,138.9,-11.8
2022-09-12 11:15:00,2022-09-12 11:40:00,1,"MACDクロス(12,21,12)",20.0,158.9,0.0
2022-09-13 09:55:00,2022-09-13 10:55:00,1,"MACDクロス(12,21,12)",20.0,178.9,0.0
2022-09-13 11:00:00,2022-09-13 11:30:00,1,"MACDクロス(12,21,12)",-20.0,158.9,-20.0
2022-09-16 10:25:00,2022-09-16 10:50:00,1,"MACDクロス(12,21,12)",20.0,178.9,0.0
2022-09-23 09:25:00,2022-09-23 09:45:00,1,"MACDクロス(12,21,12)",-20.0,158.9,-20.0
2022-09-23 10:50:00,2022-09-23 12:05:00,1,"MACDクロス(12,21,12)",-20.0,138.9,-40.0
2022-09-23 12:15:00,2022-09-23 12:30:00,1,"MACDクロス(12,21,12)",-20.0,118.9,-60.0
2022-10-25 09:10:00,2022-10-25 09:50:00,1,"MACDクロス(12,21,12)",-20.0,98.9,-80.0
2022-10-27 09:40:00,2022-10-27 10:00:00,1,"MACDクロス(12,21,12)",-20.0,78.9,-100.0
2022-10-27 10:15:00,2022-10-27 11:05:00,1,"MACDクロス(12,21,12)",-20.0,58.9,-120.0
2022-11-01 12:15:00,2022-11-01 14:55:00,1,"MACDクロス(12,21,12)",-20.0,38.9,-140.0
2022-11-02 10:45:00,2022-11-02 13:00:00,1,"MACDクロス(12,21,12)",20.0,58.9,-120.0
2022-11-09 09:15:00,2022-11-09 09:50:00,1,"MACDクロス(12,21,12)",20.0,78.9,-100.0
2022-11-09 12:30:00,2022-11-09 14:20:00,1,"MACDクロス(12,21,12)",20.0,98.9,-80.0
2022-11-14 11:20:00,2022-11-14 12:05:00,1,"MACDクロス(12,21,12)",-20.0,78.9,-100.0
2022-11-14 12:20:00,2022-11-14 13:10:00,1,"MACDクロス(12,21,12)",-20.0,58.9,-120.0
2022-11-16 09:10:00,2022-11-16 09:25:00,1,"MACDクロス(12,21,12)",20.0,78.9,-100.0
2022-11-24 11:20:00,2022-11-24 12:10:00,1,"MACDクロス(12,21,12)",-20.0,58.9,-120.0
2022-11-24 12:15:00,2022-11-24 14:50:00,1,"MACDクロス(12,21,12)",-20.0,38.9,-140.0
2022-12-01 10:40:00,2022-12-01 10:50:00,1,"MACDクロス(12,21,12)",-20.0,18.9,-160.0
2022-12-01 13:35:00,2022-12-01 14:15:00,1,"MACDクロス(12,21,12)",20.0,38.9,-140.0
2022-12-02 11:40:00,2022-12-02 12:30:00,1,"MACDクロス(12,21,12)",-20.0,18.9,-160.0
2022-12-09 11:15:00,2022-12-09 11:50:00,1,"MACDクロス(12,21,12)",-20.0,-1.1,-180.0
2022-12-09 12:05:00,2022-12-09 14:50:00,1,"MACDクロス(12,21,12)",-20.0,-21.1,-200.0
2022-12-14 10:30:00,2022-12-14 14:25:00,1,"MACDクロス(12,21,12)",-20.0,-41.1,-220.0
2022-12-19 09:25:00,2022-12-19 09:40:00,1,"MACDクロス(12,21,12)",20.0,-21.1,-200.0
2022-12-19 11:10:00,2022-12-19 11:10:00,1,"MACDクロス(12,21,12)",20.0,-1.1,-180.0
2022-12-20 13:25:00,2022-12-20 13:30:00,1,"MACDクロス(12,21,12)",20.0,18.9,-160.0
2023-01-03 11:15:00,2023-01-03 11:30:00,1,"MACDクロス(12,21,12)",-20.0,-1.1,-180.0
2023-01-03 11:40:00,2023-01-03 13:10:00,1,"MACDクロス(12,21,12)",20.0,18.9,-160.0
2023-01-09 09:30:00,2023-01-09 10:00:00,1,"MACDクロス(12,21,12)",-20.0,-1.1,-180.0
2023-01-09 10:05:00,2023-01-09 10:20:00,1,"MACDクロス(12,21,12)",-20.0,-21.1,-200.0
2023-01-09 10:25:00,2023-01-09 10:35:00,1,"MACDクロス(12,21,12)",-20.0,-41.1,-220.0
2023-01-09 12:20:00,2023-01-09 14:00:00,1,"MACDクロス(12,21,12)",20.0,-21.1,-200.0
2023-01-10 11:15:00,2023-01-10 11:40:00,1,"MACDクロス(12,21,12)",20.0,-1.1,-180.0
2023-01-12 09:50:00,2023-01-12 10:10:00,1,"MACDクロス(12,21,12)",20.0,18.9,-160.0
2023-01-12 10:55:00,2023-01-12 13:55:00,1,"MACDクロス(12,21,12)",20.0,38.9,-140.0
2023-01-13 09:50:00,2023-01-13 10:20:00,1,"MACDクロス(12,21,12)",-20.0,18.9,-160.0
2023-01-13 10:30:00,2023-01-13 11:10:00,1,"MACDクロス(12,21,12)",-20.0,-1.1,-180.0
2023-01-13 11:15:00,2023-01-13 14:30:00,1,"MACDクロス(12,21,12)",20.0,18.9,-160.0
2023-01-16 12:15:00,2023-01-16 13:55:00,1,"MACDクロス(12,21,12)",20.0,38.9,-140.0
2023-01-19 09:45:00,2023-01-19 10:45:00,1,"MACDクロス(12,21,12)",20.0,58.9,-120.0
2023-01-19 14:55:00,2023-01-19 16:15:00,1,"MACDクロス(12,21,12)",20.0,78.9,-100.0
2023-01-30 14:10:00,2023-01-30 14:45:00,1,"MACDクロス(12,21,12)",20.0,98.9,-80.0
2023-02-02 09:55:00,2023-02-02 10:10:00,1,"MACDクロス(12,21,12)",20.0,118.9,-60.0
2023-02-24 09:55:00,2023-02-24 09:55:00,1,"MACDクロス(12,21,12)",-20.0,98.9,-80.0
2023-02-24 10:20:00,2023-02-24 10:20:00,1,"MACDクロス(12,21,12)",-20.0,78.9,-100.0
2023-03-10 10:40:00,2023-03-10 11:30:00,1,"MACDクロス(12,21,12)",20.0,98.9,-80.0
2023-03-13 10:30:00,2023-03-13 10:50:00,1,"MACDクロス(12,21,12)",20.0,118.9,-60.0
2023-03-13 12:35:00,2023-03-13 13:05:00,1,"MACDクロス(12,21,12)",20.0,138.9,-40.0
2023-03-14 09:50:00,2023-03-14 09:55:00,1,"MACDクロス(12,21,12)",-20.0,118.9,-60.0
2023-03-14 10:05:00,2023-03-14 10:15:00,1,"MACDクロス(12,21,12)",20.0,138.9,-40.0
2023-03-16 09:50:00,2023-03-16 09:50:00,1,"MACDクロス(12,21,12)",-20.0,118.9,-60.0
2023-03-16 13:50:00,2023-03-16 14:15:00,1,"MACDクロス(12,21,12)",20.0,138.9,-40.0
2023-03-20 13:05:00,2023-03-20 13:30:00,1,"MACDクロス(12,21,12)",-20.0,118.9,-60.0
2023-03-20 13:35:00,2023-03-20 15:20:00,1,"MACDクロス(12,21,12)",20.0,138.9,-40.0
2023-03-21 09:40:00,2023-03-21 15:15:00,1,"MACDクロス(12,21,12)",-20.0,118.9,-60.0
2023-03-23 10:40:00,2023-03-23 11:20:00,1,"MACDクロス(12,21,12)",-20.0,98.9,-80.0
2023-03-23 11:30:00,2023-03-23 12:15:00,1,"MACDクロス(12,21,12)",20.0,118.9,-60.0
2023-03-23 12:40:00,2023-03-23 13:45:00,1,"MACDクロス(12,21,12)",20.0,138.9,-40.0
2023-03-24 10:50:00,2023-03-24 12:50:00,1,"MACDクロス(12,21,12)",-20.0,118.9,-60.0
2023-04-26 09:55:00,2023-04-26 10:40:00,1,"MACDクロス(12,21,12)",-20.0,98.9,-80.0
2023-04-26 10:45:00,2023-04-26 15:30:00,1,"MACDクロス(12,21,12)",-20.0,78.9,-100.0
2023-05-04 09:20:00,2023-05-04 10:35:00,1,"MACDクロス(12,21,12)",-20.0,58.9,-120.0
2023-05-30 11:15:00,2023-05-30 12:35:00,1,"MACDクロス(12,21,12)",20.0,78.9,-100.0
2023-05-31 10:35:00,2023-05-31 14:20:00,1,"MACDクロス(12,21,12)",-20.0,58.9,-120.0
2023-06-01 10:20:00,2023-06-01 10:30:00,1,"MACDクロス(12,21,12)",-20.0,38.9,-140.0
2023-06-16 11:20:00,2023-06-16 11:45:00,1,"MACDクロス(12,21,12)",20.0,58.9,-120.0
2023-07-11 12:35:00,2023-07-11 13:40:00,1,"MACDクロス(12,21,12)",-20.0,38.9,-140.0
2023-07-12 10:50:00,2023-07-12 11:10:00,1,"MACDクロス(12,21,12)",20.0,58.9,-120.0
2023-07-12 13:45:00,2023-07-12 15:25:00,1,"MACDクロス(12,21,12)",20.0,78.9,-100.0
2023-07-13 09:45:00,2023-07-13 09:50:00,1,"MACDクロス(12,21,12)",20.0,98.9,-80.0
2023-07-14 09:45:00,2023-07-14 09:55:00,1,"MACDクロス(12,21,12)",-20.0,78.9,-100.0
2023-07-14 10:00:00,2023-07-14 10:35:00,1,"MACDクロス(12,21,12)",20.0,98.9,-80.0
2023-07-14 11:20:00,2023-07-14 13:45:00,1,"MACDクロス(12,21,12)",20.0,118.9,-60.0
2023-07-20 11:15:00,2023-07-20 14:35:00,1,"MACDクロス(12,21,12)",20.0,138.9,-40.0
2023-07-27 11:50:00,2023-07-27 13:00:00,1,"MACDクロス(12,21,12)",20.0,158.9,-20.0
2023-07-28 09:15:00,2023-07-28 09:45:00,1,"MACDクロス(12,21,12)",20.0,178.9,0.0
2023-07-28 14:25:00,2023-07-28 14:30:00,1,"MACDクロス(12,21,12)",20.0,198.9,0.0
2023-08-07 10:15:00,2023-08-07 12:35:00,1,"MACDクロス(12,21,12)",20.0,218.9,0.0
2023-09-01 11:05:00,2023-09-01 20:55:00,1,"MACDクロス(12,21,12)",-20.0,198.9,-20.0
2023-09-08 10:20:00,2023-09-08 16:20:00,1,"MACDクロス(12,21,12)",20.0,218.9,0.0
2023-09-11 09:05:00,2023-09-11 11:25:00,1,"MACDクロス(12,21,12)",20.0,238.9,0.0
2023-09-11 13:00:00,2023-09-11 13:00:00,1,"MACDクロス(12,21,12)",20.0,258.9,0.0
2023-09-11 13:30:00,2023-09-11 14:05:00,1,"MACDクロス(12,21,12)",20.0,278.9,0.0
2023-09-11 14:40:00,2023-09-11 15:10:00,1,"MACDクロス(12,21,12)",-20.0,258.9,-20.0
2023-10-05 11:15:00,2023-10-05 12:20:00,1,"MACDクロス(12,21,12)",20.0,278.9,0.0
2023-10-10 09:25:00,2023-10-10 13:20:00,1,"MACDクロス(12,21,12)",20.0,298.9,0.0
2023-11-02 09:00:00,2023-11-02 09:35:00,1,"MACDクロス(12,21,12)",20.0,318.9,0.0
2023-11-02 09:55:00,2023-11-02 10:50:00,1,"MACDクロス(12,21,12)",-20.0,298.9,-20.0
2023-11-02 11:20:00,2023-11-02 12:40:00,1,"MACDクロス(12,21,12)",-20.0,278.9,-40.0
2023-11-17 12:15:00,2023-11-17 17:25:00,1,"MACDクロス(12,21,12)",-20.0,258.9,-60.0
2023-11-20 12:25:00,2023-11-20 12:45:00,1,"MACDクロス(12,21,12)",-20.0,238.9,-80.0
2023-11-20 13:20:00,2023-11-20 13:40:00,1,"MACDクロス(12,21,12)",-20.0,218.9,-100.0
2023-11-21 09:40:00,2023-11-21 09:50:00,1,"MACDクロス(12,21,12)",20.0,238.9,-80.0
2023-11-21 11:10:00,2023-11-21 11:15:00,1,"MACDクロス(12,21,12)",-20.0,218.9,-100.0
2023-11-21 13:25:00,2023-11-21 14:40:00,1,"MACDクロス(12,21,12)",20.0,238.9,-80.0
2023-11-27 11:20:00,2023-11-27 12:00:00,1,"MACDクロス(12,21,12)",-20.0,218.9,-100.0
2023-11-27 12:15:00,2023-11-27 16:10:00,1,"MACDクロス(12,21,12)",20.0,238.9,-80.0
2023-11-28 10:20:00,2023-11-28 10:25:00,1,"MACDクロス(12,21,12)",20.0,258.9,-60.0
2023-11-28 11:35:00,2023-11-28 12:40:00,1,"MACDクロス(12,21,12)",-20.0,238.9,-80.0
2023-11-29 09:10:00,2023-11-29 09:40:00,1,"MACDクロス(12,21,12)",-20.0,218.9,-100.0
2023-11-29 09:45:00,2023-11-29 11:40:00,1,"MACDクロス(12,21,12)",-20.0,198.9,-120.0
2023-11-30 09:40:00,2023-11-30 10:25:00,1,"MACDクロス(12,21,12)",-20.0,178.9,-140.0
2023-11-30 11:45:00,2023-11-30 16:40:00,1,"MACDクロス(12,21,12)",-20.0,158.9,-160.0
2023-12-04 09:10:00,2023-12-04 10:05:00,1,"MACDクロス(12,21,12)",20.0,178.9,-140.0
2023-12-04 11:30:00,2023-12-04 13:00:00,1,"MACDクロス(12,21,12)",-20.0,158.9,-160.0
2023-12-07 10:35:00,2023-12-07 11:15:00,1,"MACDクロス(12,21,12)",20.0,178.9,-140.0
2023-12-07 11:50:00,2023-12-07 14:40:00,1,"MACDクロス(12,21,12)",-20.0,158.9,-160.0
2023-12-08 10:35:00,2023-12-08 10:35:00,1,"MACDクロス(12,21,12)",20.0,178.9,-140.0
2023-12-12 10:50:00,2023-12-12 12:55:00,1,"MACDクロス(12,21,12)",-20.0,158.9,-160.0
2023-12-14 09:40:00,2023-12-14 09:55:00,1,"MACDクロス(12,21,12)",20.0,178.9,-140.0
2023-12-14 10:40:00,2023-12-14 11:05:00,1,"MACDクロス(12,21,12)",-20.0,158.9,-160.0
2023-12-14 11:15:00,2023-12-14 11:25:00,1,"MACDクロス(12,21,12)",20.0,178.9,-140.0
2023-12-14 13:15:00,2023-12-14 13:35:00,1,"MACDクロス(12,21,12)",20.0,198.9,-120.0
2023-12-15 14:15:00,2023-12-15 14:55:00,1,"MACDクロス(12,21,12)",20.0,218.9,-100.0
2023-12-19 09:55:00,2023-12-19 10:00:00,1,"MACDクロス(12,21,12)",-20.0,198.9,-120.0
2023-12-20 14:20:00,2023-12-20 15:10:00,1,"MACDクロス(12,21,12)",20.0,218.9,-100.0
2023-12-21 11:35:00,2023-12-21 12:05:00,1,"MACDクロス(12,21,12)",-20.0,198.9,-120.0
2023-12-22 09:55:00,2023-12-22 11:20:00,1,"MACDクロス(12,21,12)",20.0,218.9,-100.0
2023-12-28 09:55:00,2023-12-28 10:05:00,1,"MACDクロス(12,21,12)",-20.0,198.9,-120.0
2023-12-28 11:05:00,2023-12-28 13:35:00,1,"MACDクロス(12,21,12)",20.0,218.9,-100.0
2024-01-09 11:30:00,2024-01-09 14:35:00,1,"MACDクロス(12,21,12)",20.0,238.9,-80.0
2024-01-12 10:40:00,2024-01-12 12:05:00,1,"MACDクロス(12,21,12)",20.0,258.9,-60.0
2024-02-01 10:20:00,2024-02-01 10:55:00,1,"MACDクロス(12,21,12)",-20.0,238.9,-80.0
2024-02-29 12:20:00,2024-02-29 14:30:00,1,"MACDクロス(12,21,12)",20.0,258.9,-60.0
2024-03-04 10:10:00,2024-03-04 14:45:00,1,"MACDクロス(12,21,12)",20.0,278.9,-40.0
2024-03-06 10:30:00,2024-03-06 14:35:00,1,"MACDクロス(12,21,12)",-20.0,258.9,-60.0
2024-03-07 09:05:00,2024-03-07 09:15:00,1,"MACDクロス(12,21,12)",20.0,278.9,-40.0
2024-03-07 11:15:00,2024-03-07 13:10:00,1,"MACDクロス(12,21,12)",-20.0,258.9,-60.0
2024-03-07 14:00:00,2024-03-07 15:30:00,1,"MACDクロス(12,21,12)",-20.0,238.9,-80.0
2024-03-08 09:10:00,2024-03-08 09:35:00,1,"MACDクロス(12,21,12)",20.0,258.9,-60.0
2024-03-08 10:00:00,2024-03-08 10:20:00,1,"MACDクロス(12,21,12)",20.0,278.9,-40.0
2024-03-08 13:45:00,2024-03-08 18:10:00,1,"MACDクロス(12,21,12)",-20.0,258.9,-60.0
2024-03-11 09:15:00,2024-03-11 10:05:00,1,"MACDクロス(12,21,12)",-20.0,238.9,-80.0
2024-03-11 10:10:00,2024-03-11 10:45:00,1,"MACDクロス(12,21,12)",-20.0,218.9,-100.0
2024-03-12 09:35:00,2024-03-12 10:15:00,1,"MACDクロス(12,21,12)",20.0,238.9,-80.0
2024-03-13 10:50:00,2024-03-13 13:45:00,1,"MACDクロス(12,21,12)",20.0,258.9,-60.0
2024-03-14 10:05:00,2024-03-14 11:15:00,1,"MACDクロス(12,21,12)",-20.0,238.9,-80.0
2024-03-21 09:40:00,2024-03-21 10:00:00,1,"MACDクロス(12,21,12)",-20.0,218.9,-100.0
2024-03-21 10:10:00,2024-03-21 13:20:00,1,"MACDクロス(12,21,12)",-20.0,198.9,-120.0
2024-03-25 10:10:00,2024-03-25 23:55:00,1,"MACDクロス(12,21,12)",-11.2,187.7,-131.2
2024-04-05 09:15:00,2024-04-05 09:15:00,1,"MACDクロス(12,21,12)",20.0,207.7,-111.2
2024-04-05 10:35:00,2024-04-05 11:35:00,1,"MACDクロス(12,21,12)",20.0,227.7,-91.2
2024-04-18 12:05:00,2024-04-18 14:15:00,1,"MACDクロス(12,21,12)",20.0,247.7,-71.2
2024-04-19 12:05:00,2024-04-19 12:25:00,1,"MACDクロス(12,21,12)",20.0,267.7,-51.2
2024-04-29 14:30:00,2024-04-29 14:30:00,1,"MACDクロス(12,21,12)",-20.0,247.7,-71.2
2024-05-03 09:15:00,2024-05-03 09:25:00,1,"MACDクロス(12,21,12)",20.0,267.7,-51.2
2024-05-03 10:25:00,2024-05-03 10:30:00,1,"MACDクロス(12,21,12)",20.0,287.7,-31.2
2024-05-03 11:25:00,2024-05-03 15:55:00,1,"MACDクロス(12,21,12)",20.0,307.7,-11.2
2024-05-16 09:05:00,2024-05-16 09:20:00,1,"MACDクロス(12,21,12)",-20.0,287.7,-31.2
2024-05-16 09:30:00,2024-05-16 09:50:00,1,"MACDクロス(12,21,12)",20.0,307.7,-11.2
2024-05-16 10:40:00,2024-05-16 10:45:00,1,"MACDクロス(12,21,12)",20.0,327.7,0.0
2024-05-16 12:25:00,2024-05-16 14:50:00,1,"MACDクロス(12,21,12)",-20.0,307.7,-20.0
2024-05-31 11:35:00,2024-05-31 15:05:00,1,"MACDクロス(12,21,12)",20.0,327.7,0.0
2024-06-04 09:25:00,2024-06-04 09:50:00,1,"MACDクロス(12,21,12)",20.0,347.7,0.0
2024-06-06 10:50:00,2024-06-06 11:35:00,1,"MACDクロス(12,21,12)",-20.0,327.7,-20.0
2024-06-06 11:50:00,2024-06-06 13:15:00,1,"MACDクロス(12,21,12)",-20.0,307.7,-40.0
2024-06-07 14:15:00,2024-06-07 14:50:00,1,"MACDクロス(12,21,12)",-20.0,287.7,-60.0
2024-06-07 14:55:00,2024-06-07 15:10:00,1,"MACDクロス(12,21,12)",20.0,307.7,-40.0
2024-06-12 11:10:00,2024-06-12 16:15:00,1,"MACDクロス(12,21,12)",20.0,327.7,-20.0
2024-06-25 10:45:00,2024-06-25 21:50:00,1,"MACDクロス(12,21,12)",20.0,347.7,0.0
2024-07-04 10:55:00,2024-07-04 19:20:00,1,"MACDクロス(12,21,12)",-20.0,327.7,-20.0
2024-07-05 10:45:00,2024-07-05 12:05:00,1,"MACDクロス(12,21,12)",-20.0,307.7,-40.0
2024-07-05 12:10:00,2024-07-05 12:20:00,1,"MACDクロス(12,21,12)",20.0,327.7,-20.0
2024-07-05 13:20:00,2024-07-05 16:40:00,1,"MACDクロス(12,21,12)",20.0,347.7,0.0
2024-07-08 09:45:00,2024-07-08 10:30:00,1,"MACDクロス(12,21,12)",-20.0,327.7,-20.0
2024-07-08 10:35:00,2024-07-08 11:15:00,1,"MACDクロス(12,21,12)",20.0,347.7,0.0
2024-07-08 12:05:00,2024-07-08 14:25:00,1,"MACDクロス(12,21,12)",20.0,367.7,0.0
2024-07-12 09:35:00,2024-07-12 10:00:00,1,"MACDクロス(12,21,12)",20.0,387.7,0.0
2024-07-15 11:20:00,2024-07-15 14:15:00,1,"MACDクロス(12,21,12)",-20.0,367.7,-20.0
2024-07-18 09:15:00,2024-07-18 10:10:00,1,"MACDクロス(12,21,12)",20.0,387.7,0.0
2024-07-23 10:25:00,2024-07-23 11:35:00,1,"MACDクロス(12,21,12)",-20.0,367.7,-20.0
2024-07-23 11:40:00,2024-07-23 12:30:00,1,"MACDクロス(12,21,12)",20.0,387.7,0.0
2024-07-23 13:30:00,2024-07-23 15:10:00,1,"MACDクロス(12,21,12)",20.0,407.7,0.0
2024-07-24 11:30:00,2024-07-24 12:00:00,1,"MACDクロス(12,21,12)",-20.0,387.7,-20.0
2024-07-24 12:10:00,2024-07-24 13:00:00,1,"MACDクロス(12,21,12)",20.0,407.7,0.0
2024-07-24 14:25:00,2024-07-24 15:10:00,1,"MACDクロス(12,21,12)",-20.0,387.7,-20.0
2024-07-25 09:30:00,2024-07-25 09:30:00,1,"MACDクロス(12,21,12)",20.0,407.7,0.0
2024-07-25 11:10:00,2024-07-25 11:45:00,1,"MACDクロス(12,21,12)",-20.0,387.7,-20.0
2024-07-25 12:10:00,2024-07-25 12:20:00,1,"MACDクロス(12,21,12)",20.0,407.7,0.0
2024-07-25 12:50:00,2024-07-25 13:55:00,1,"MACDクロス(12,21,12)",20.0,427.7,0.0
2024-07-29 11:50:00,2024-07-29 12:20:00,1,"MACDクロス(12,21,12)",20.0,447.7,0.0
2024-07-29 13:45:00,2024-07-29 14:30:00,1,"MACDクロス(12,21,12)",-20.0,427.7,-20.0
2024-07-31 10:30:00,2024-07-31 10:50:00,1,"MACDクロス(12,21,12)",20.0,447.7,0.0
2024-08-01 11:05:00,2024-08-01 11:10:00,1,"MACDクロス(12,21,12)",20.0,467.7,0.0
2024-08-01 13:05:00,2024-08-01 13:50:00,1,"MACDクロス(12,21,12)",-20.0,447.7,-20.0
2024-08-01 13:55:00,2024-08-01 14:10:00,1,"MACDクロス(12,21,12)",20.0,467.7,0.0
2024-08-02 09:00:00,2024-08-02 09:15:00,1,"MACDクロス(12,21,12)",-20.0,447.7,-20.0
2024-08-05 10:00:00,2024-08-05 10:00:00,1,"MACDクロス(12,21,12)",-20.0,427.7,-40.0
2024-08-05 10:10:00,2024-08-05 10:15:00,1,"MACDクロス(12,21,12)",20.0,447.7,-20.0
2024-08-05 10:35:00,2024-08-05 10:40:00,1,"MACDクロス(12,21,12)",-20.0,427.7,-40.0
2024-08-05 12:15:00,2024-08-05 12:40:00,1,"MACDクロス(12,21,12)",20.0,447.7,-20.0
2024-08-05 14:15:00,2024-08-05 14:15:00,1,"MACDクロス(12,21,12)",20.0,467.7,0.0
2024-08-08 09:05:00,2024-08-08 09:05:00,1,"MACDクロス(12,21,12)",-20.0,447.7,-20.0
2024-08-08 09:40:00,2024-08-08 09:40:00,1,"MACDクロス(12,21,12)",-20.0,427.7,-40.0
2024-08-08 09:55:00,2024-08-08 10:00:00,1,"MACDクロス(12,21,12)",20.0,447.7,-20.0
2024-08-08 14:15:00,2024-08-08 14:40:00,1,"MACDクロス(12,21,12)",-20.0,427.7,-40.0
2024-08-08 14:55:00,2024-08-08 15:05:00,1,"MACDクロス(12,21,12)",-20.0,407.7,-60.0
2024-08-14 12:20:00,2024-08-14 12:30:00,1,"MACDクロス(12,21,12)",20.0,427.7,-40.0
2024-08-19 14:00:00,2024-08-19 14:15:00,1,"MACDクロス(12,21,12)",-20.0,407.7,-60.0
2024-08-19 14:35:00,2024-08-19 14:40:00,1,"MACDクロス(12,21,12)",-20.0,387.7,-80.0
2024-08-20 10:35:00,2024-08-20 11:10:00,1,"MACDクロス(12,21,12)",20.0,407.7,-60.0
2024-08-23 11:35:00,2024-08-23 13:20:00,1,"MACDクロス(12,21,12)",20.0,427.7,-40.0
2024-08-26 09:25:00,2024-08-26 10:40:00,1,"MACDクロス(12,21,12)",-20.0,407.7,-60.0
2024-09-03 14:25:00,2024-09-03 15:40:00,1,"MACDクロス(12,21,12)",20.0,427.7,-40.0
2024-09-04 09:40:00,2024-09-04 09:45:00,1,"MACDクロス(12,21,12)",-20.0,407.7,-60.0
2024-09-04 10:05:00,2024-09-04 10:45:00,1,"MACDクロス(12,21,12)",20.0,427.7,-40.0
2024-09-04 11:15:00,2024-09-04 11:30:00,1,"MACDクロス(12,21,12)",-20.0,407.7,-60.0
2024-09-04 11:35:00,2024-09-04 13:45:00,1,"MACDクロス(12,21,12)",-20.0,387.7,-80.0
2024-09-05 10:25:00,2024-09-05 10:30:00,1,"MACDクロス(12,21,12)",-20.0,367.7,-100.0
2024-09-05 10:35:00,2024-09-05 13:35:00,1,"MACDクロス(12,21,12)",-20.0,347.7,-120.0
2024-09-11 10:00:00,2024-09-11 10:30:00,1,"MACDクロス(12,21,12)",-20.0,327.7,-140.0
2024-09-11 10:35:00,2024-09-11 10:35:00,1,"MACDクロス(12,21,12)",20.0,347.7,-120.0
2024-09-11 11:50:00,2024-09-11 12:15:00,1,"MACDクロス(12,21,12)",-20.0,327.7,-140.0
2024-09-11 12:35:00,2024-09-11 13:05:00,1,"MACDクロス(12,21,12)",20.0,347.7,-120.0
2024-09-11 14:00:00,2024-09-11 14:05:00,1,"MACDクロス(12,21,12)",-20.0,327.7,-140.0
2024-09-11 14:25:00,2024-09-11 14:30:00,1,"MACDクロス(12,21,12)",-20.0,307.7,-160.0
2024-09-11 14:35:00,2024-09-11 14:40:00,1,"MACDクロス(12,21,12)",20.0,327.7,-140.0
2024-09-13 09:55:00,2024-09-13 09:55:00,1,"MACDクロス(12,21,12)",-20.0,307.7,-160.0
2024-09-13 10:05:00,2024-09-13 10:20:00,1,"MACDクロス(12,21,12)",-20.0,287.7,-180.0
2024-09-13 10:30:00,2024-09-13 11:15:00,1,"MACDクロス(12,21,12)",-20.0,267.7,-200.0
2024-09-13 11:25:00,2024-09-13 13:30:00,1,"MACDクロス(12,21,12)",20.0,287.7,-180.0
2024-09-13 13:45:00,2024-09-13 14:05:00,1,"MACDクロス(12,21,12)",20.0,307.7,-160.0
2024-09-13 14:55:00,2024-09-13 15:20:00,1,"MACDクロス(12,21,12)",-20.0,287.7,-180.0
2024-09-20 10:55:00,2024-09-20 11:50:00,1,"MACDクロス(12,21,12)",20.0,307.7,-160.0
2024-09-20 12:10:00,2024-09-20 12:15:00,1,"MACDクロス(12,21,12)",-20.0,287.7,-180.0
2024-09-20 13:05:00,2024-09-20 15:15:00,1,"MACDクロス(12,21,12)",-20.0,267.7,-200.0
2024-10-29 11:40:00,2024-10-29 12:40:00,1,"MACDクロス(12,21,12)",20.0,287.7,-180.0
2024-10-31 13:45:00,2024-10-31 15:40:00,1,"MACDクロス(12,21,12)",-20.0,267.7,-200.0
2024-11-01 09:05:00,2024-11-01 10:35:00,1,"MACDクロス(12,21,12)",20.0,287.7,-180.0
2024-11-04 09:25:00,2024-11-04 10:20:00,1,"MACDクロス(12,21,12)",20.0,307.7,-160.0
2024-11-04 10:25:00,2024-11-04 12:00:00,1,"MACDクロス(12,21,12)",20.0,327.7,-140.0
2024-11-04 12:10:00,2024-11-04 13:50:00,1,"MACDクロス(12,21,12)",-20.0,307.7,-160.0
2024-11-08 13:50:00,2024-11-08 15:15:00,1,"MACDクロス(12,21,12)",20.0,327.7,-140.0
2024-11-18 10:10:00,2024-11-18 10:10:00,1,"MACDクロス(12,21,12)",-20.0,307.7,-160.0
2024-11-18 14:05:00,2024-11-18 14:40:00,1,"MACDクロス(12,21,12)",-20.0,287.7,-180.0
2024-11-18 14:45:00,2024-11-18 16:00:00,1,"MACDクロス(12,21,12)",-20.0,267.7,-200.0
2024-11-19 11:20:00,2024-11-19 12:00:00,1,"MACDクロス(12,21,12)",-20.0,247.7,-220.0
2024-11-21 10:15:00,2024-11-21 13:50:00,1,"MACDクロス(12,21,12)",-20.0,227.7,-240.0
2024-11-22 09:40:00,2024-11-22 09:50:00,1,"MACDクロス(12,21,12)",20.0,247.7,-220.0
2024-11-25 09:15:00,2024-11-25 09:50:00,1,"MACDクロス(12,21,12)",-20.0,227.7,-240.0
2024-11-25 10:30:00,2024-11-25 10:45:00,1,"MACDクロス(12,21,12)",20.0,247.7,-220.0
2024-11-25 11:30:00,2024-11-25 11:35:00,1,"MACDクロス(12,21,12)",-20.0,227.7,-240.0
2024-11-25 11:45:00,2024-11-25 12:40:00,1,"MACDクロス(12,21,12)",20.0,247.7,-220.0
2024-11-26 10:55:00,2024-11-26 12:10:00,1,"MACDクロス(12,21,12)",-20.0,227.7,-240.0
2024-11-27 10:10:00,2024-11-27 10:20:00,1,"MACDクロス(12,21,12)",-20.0,207.7,-260.0
2024-11-27 11:20:00,2024-11-27 12:10:00,1,"MACDクロス(12,21,12)",-20.0,187.7,-280.0
2024-11-29 11:05:00,2024-11-29 11:30:00,1,"MACDクロス(12,21,12)",20.0,207.7,-260.0
2024-11-29 13:05:00,2024-11-29 13:20:00,1,"MACDクロス(12,21,12)",20.0,227.7,-240.0
2024-11-29 13:55:00,2024-11-29 14:35:00,1,"MACDクロス(12,21,12)",20.0,247.7,-220.0
2025-01-13 11:30:00,2025-01-13 14:30:00,1,"MACDクロス(12,21,12)",-20.0,227.7,-240.0
2025-01-16 10:05:00,2025-01-16 10:25:00,1,"MACDクロス(12,21,12)",20.0,247.7,-220.0
2025-01-16 11:30:00,2025-01-16 12:00:00,1,"MACDクロス(12,21,12)",20.0,267.7,-200.0
2025-01-17 10:40:00,2025-01-17 14:30:00,1,"MACDクロス(12,21,12)",20.0,287.7,-180.0
2025-01-21 09:40:00,2025-01-21 09:50:00,1,"MACDクロス(12,21,12)",20.0,307.7,-160.0
2025-01-21 12:45:00,2025-01-21 14:30:00,1,"MACDクロス(12,21,12)",20.0,327.7,-140.0
2025-01-22 10:25:00,2025-01-22 11:20:00,1,"MACDクロス(12,21,12)",20.0,347.7,-120.0
2025-01-24 14:00:00,2025-01-24 14:35:00,1,"MACDクロス(12,21,12)",20.0,367.7,-100.0
2025-01-27 09:30:00,2025-01-27 10:05:00,1,"MACDクロス(12,21,12)",20.0,387.7,-80.0
2025-01-27 10:35:00,2025-01-27 12:15:00,1,"MACDクロス(12,21,12)",20.0,407.7,-60.0
2025-01-30 10:45:00,2025-01-30 11:05:00,1,"MACDクロス(12,21,12)",-20.0,387.7,-80.0
2025-01-30 11:20:00,2025-01-30 13:00:00,1,"MACDクロス(12,21,12)",-20.0,367.7,-100.0
2025-01-31 09:50:00,2025-01-31 10:05:00,1,"MACDクロス(12,21,12)",-20.0,347.7,-120.0
2025-01-31 10:10:00,2025-01-31 12:35:00,1,"MACDクロス(12,21,12)",-20.0,327.7,-140.0
2025-02-05 11:40:00,2025-02-05 12:35:00,1,"MACDクロス(12,21,12)",-20.0,307.7,-160.0
2025-02-06 11:25:00,2025-02-06 14:15:00,1,"MACDクロス(12,21,12)",20.0,327.7,-140.0
2025-02-07 09:55:00,2025-02-07 10:00:00,1,"MACDクロス(12,21,12)",20.0,347.7,-120.0
2025-02-14 11:00:00,2025-02-14 11:35:00,1,"MACDクロス(12,21,12)",20.0,367.7,-100.0
2025-02-20 11:25:00,2025-02-20 12:50:00,1,"MACDクロス(12,21,12)",-20.0,347.7,-120.0
2025-02-21 09:00:00,2025-02-21 09:05:00,1,"MACDクロス(12,21,12)",20.0,367.7,-100.0
2025-02-24 10:30:00,2025-02-24 11:00:00,1,"MACDクロス(12,21,12)",20.0,387.7,-80.0
2025-02-26 10:00:00,2025-02-26 10:30:00,1,"MACDクロス(12,21,12)",20.0,407.7,-60.0
2025-02-27 09:40:00,2025-02-27 09:50:00,1,"MACDクロス(12,21,12)",20.0,427.7,-40.0
2025-02-28 10:45:00,2025-02-28 11:00:00,1,"MACDクロス(12,21,12)",-20.0,407.7,-60.0
2025-02-28 11:05:00,2025-02-28 11:30:00,1,"MACDクロス(12,21,12)",-20.0,387.7,-80.0
2025-03-04 09:20:00,2025-03-04 09:25:00,1,"MACDクロス(12,21,12)",-20.0,367.7,-100.0
2025-03-04 09:45:00,2025-03-04 09:50:00,1,"MACDクロス(12,21,12)",-20.0,347.7,-120.0
2025-03-04 11:00:00,2025-03-04 11:10:00,1,"MACDクロス(12,21,12)",20.0,367.7,-100.0
2025-03-04 12:45:00,2025-03-04 13:35:00,1,"MACDクロス(12,21,12)",20.0,387.7,-80.0
2025-03-04 14:00:00,2025-03-04 14:20:00,1,"MACDクロス(12,21,12)",20.0,407.7,-60.0
2025-03-07 09:55:00,2025-03-07 11:10:00,1,"MACDクロス(12,21,12)",-20.0,387.7,-80.0
2025-03-07 12:50:00,2025-03-07 17:40:00,1,"MACDクロス(12,21,12)",-20.0,367.7,-100.0
2025-03-10 09:25:00,2025-03-10 10:20:00,1,"MACDクロス(12,21,12)",20.0,387.7,-80.0
2025-03-10 10:25:00,2025-03-10 10:40:00,1,"MACDクロス(12,21,12)",-20.0,367.7,-100.0
2025-03-10 10:45:00,2025-03-10 11:25:00,1,"MACDクロス(12,21,12)",20.0,387.7,-80.0
2025-03-11 09:25:00,2025-03-11 09:50:00,1,"MACDクロス(12,21,12)",20.0,407.7,-60.0
2025-03-11 10:20:00,2025-03-11 11:05:00,1,"MACDクロス(12,21,12)",20.0,427.7,-40.0
2025-03-31 09:20:00,2025-03-31 09:50:00,1,"MACDクロス(12,21,12)",-20.0,407.7,-60.0
2025-03-31 09:55:00,2025-03-31 10:00:00,1,"MACDクロス(12,21,12)",-20.0,387.7,-80.0
2025-03-31 10:35:00,2025-03-31 11:25:00,1,"MACDクロス(12,21,12)",20.0,407.7,-60.0
2025-03-31 12:25:00,2025-03-31 13:30:00,1,"MACDクロス(12,21,12)",20.0,427.7,-40.0
2025-04-03 09:00:00,2025-04-03 09:10:00,1,"MACDクロス(12,21,12)",20.0,447.7,-20.0
2025-04-03 10:40:00,2025-04-03 11:05:00,1,"MACDクロス(12,21,12)",-20.0,427.7,-40.0
2025-04-03 11:15:00,2025-04-03 12:35:00,1,"MACDクロス(12,21,12)",20.0,447.7,-20.0
2025-04-03 13:20:00,2025-04-03 14:00:00,1,"MACDクロス(12,21,12)",20.0,467.7,0.0
2025-04-03 14:30:00,2025-04-03 14:40:00,1,"MACDクロス(12,21,12)",20.0,487.7,0.0
2025-04-04 14:30:00,2025-04-04 14:40:00,1,"MACDクロス(12,21,12)",20.0,507.7,0.0
2025-04-09 09:00:00,2025-04-09 09:05:00,1,"MACDクロス(12,21,12)",-20.0,487.7,-20.0
2025-04-09 09:25:00,2025-04-09 09:35:00,1,"MACDクロス(12,21,12)",20.0,507.7,0.0
2025-04-09 10:05:00,2025-04-09 10:15:00,1,"MACDクロス(12,21,12)",20.0,527.7,0.0
2025-04-09 12:10:00,2025-04-09 12:20:00,1,"MACDクロス(12,21,12)",20.0,547.7,0.0
2025-04-09 14:00:00,2025-04-09 14:00:00,1,"MACDクロス(12,21,12)",20.0,567.7,0.0
2025-04-11 09:55:00,2025-04-11 10:00:00,1,"MACDクロス(12,21,12)",-20.0,547.7,-20.0
2025-04-11 12:20:00,2025-04-11 12:30:00,1,"MACDクロス(12,21,12)",20.0,567.7,0.0
2025-04-11 13:30:00,2025-04-11 13:35:00,1,"MACDクロス(12,21,12)",-20.0,547.7,-20.0
2025-04-11 13:40:00,2025-04-11 14:05:00,1,"MACDクロス(12,21,12)",-20.0,527.7,-40.0
2025-04-11 14:10:00,2025-04-11 14:30:00,1,"MACDクロス(12,21,12)",20.0,547.7,-20.0
2025-04-14 11:00:00,2025-04-14 11:25:00,1,"MACDクロス(12,21,12)",20.0,567.7,0.0
2025-04-14 13:20:00,2025-04-14 13:20:00,1,"MACDクロス(12,21,12)",20.0,587.7,0.0
2025-04-14 14:15:00,2025-04-14 14:20:00,1,"MACDクロス(12,21,12)",-20.0,567.7,-20.0
2025-04-14 14:30:00,2025-04-14 14:55:00,1,"MACDクロス(12,21,12)",20.0,587.7,0.0
2025-05-14 11:05:00,2025-05-14 12:30:00,1,"MACDクロス(12,21,12)",-20.0,567.7,-20.0
2025-05-15 10:55:00,2025-05-15 12:25:00,1,"MACDクロス(12,21,12)",-20.0,547.7,-40.0
2025-05-16 10:30:00,2025-05-16 11:35:00,1,"MACDクロス(12,21,12)",20.0,567.7,-20.0
2025-05-19 09:35:00,2025-05-19 09:50:00,1,"MACDクロス(12,21,12)",20.0,587.7,0.0
2025-05-19 10:30:00,2025-05-19 11:05:00,1,"MACDクロス(12,21,12)",20.0,607.7,0.0
2025-05-22 10:10:00,2025-05-22 10:20:00,1,"MACDクロス(12,21,12)",-20.0,587.7,-20.0
2025-05-22 10:25:00,2025-05-22 11:05:00,1,"MACDクロス(12,21,12)",-20.0,567.7,-40.0
2025-05-22 11:45:00,2025-05-22 12:45:00,1,"MACDクロス(12,21,12)",-20.0,547.7,-60.0
2025-05-30 09:35:00,2025-05-30 09:55:00,1,"MACDクロス(12,21,12)",-20.0,527.7,-80.0
2025-05-30 10:10:00,2025-05-30 10:15:00,1,"MACDクロス(12,21,12)",20.0,547.7,-60.0
2025-05-30 10:40:00,2025-05-30 11:10:00,1,"MACDクロス(12,21,12)",20.0,567.7,-40.0
2025-06-05 10:20:00,2025-06-05 12:55:00,1,"MACDクロス(12,21,12)",20.0,587.7,-20.0
2025-06-12 09:40:00,2025-06-12 10:10:00,1,"MACDクロス(12,21,12)",20.0,607.7,0.0
2025-06-12 10:55:00,2025-06-12 11:10:00,1,"MACDクロス(12,21,12)",20.0,627.7,0.0
2025-06-13 09:55:00,2025-06-13 10:20:00,1,"MACDクロス(12,21,12)",20.0,647.7,0.0
2025-06-13 11:45:00,2025-06-13 12:00:00,1,"MACDクロス(12,21,12)",-20.0,627.7,-20.0
2025-06-24 09:00:00,2025-06-24 09:30:00,1,"MACDクロス(12,21,12)",-20.0,607.7,-40.0
2025-06-24 09:35:00,2025-06-24 10:10:00,1,"MACDクロス(12,21,12)",20.0,627.7,-20.0
2025-06-24 10:40:00,2025-06-24 11:35:00,1,"MACDクロス(12,21,12)",-20.0,607.7,-40.0
2025-06-24 11:40:00,2025-06-24 12:50:00,1,"MACDクロス(12,21,12)",20.0,627.7,-20.0
2025-06-25 11:30:00,2025-06-25 12:55:00,1,"MACDクロス(12,21,12)",20.0,647.7,0.0
2025-07-21 10:05:00,2025-07-21 14:25:00,1,"MACDクロス(12,21,12)",-20.0,627.7,-20.0
2025-07-23 10:10:00,2025-07-23 10:20:00,1,"MACDクロス(12,21,12)",-20.0,607.7,-40.0
2025-07-24 10:05:00,2025-07-24 10:25:00,1,"MACDクロス(12,21,12)",20.0,627.7,-20.0
2025-07-24 11:15:00,2025-07-24 15:15:00,1,"MACDクロス(12,21,12)",20.0,647.7,0.0
2025-08-05 09:20:00,2025-08-05 09:45:00,1,"MACDクロス(12,21,12)",20.0,667.7,0.0
2025-08-14 10:40:00,2025-08-14 13:20:00,1,"MACDクロス(12,21,12)",-20.0,647.7,-20.0
2025-08-26 10:15:00,2025-08-26 11:30:00,1,"MACDクロス(12,21,12)",20.0,667.7,0.0
2025-08-28 10:45:00,2025-08-28 12:15:00,1,"MACDクロス(12,21,12)",-20.0,647.7,-20.0
2025-08-29 10:10:00,2025-08-29 15:45:00,1,"MACDクロス(12,21,12)",20.0,667.7,0.0
2025-09-04 09:15:00,2025-09-04 09:40:00,1,"MACDクロス(12,21,12)",-20.0,647.7,-20.0
2025-09-04 10:25:00,2025-09-04 10:35:00,1,"MACDクロス(12,21,12)",20.0,667.7,0.0
2025-09-04 11:05:00,2025-09-04 16:00:00,1,"MACDクロス(12,21,12)",20.0,687.7,0.0
2025-09-05 11:10:00,2025-09-05 21:30:00,1,"MACDクロス(12,21,12)",20.0,707.7,0.0
2025-09-09 10:00:00,2025-09-09 13:30:00,1,"MACDクロス(12,21,12)",-20.0,687.7,-20.0
2025-09-19 13:50:00,2025-09-19 15:20:00,1,"MACDクロス(12,21,12)",20.0,707.7,0.0
2025-10-01 14:55:00,2025-10-01 15:05:00,1,"MACDクロス(12,21,12)",-20.0,687.7,-20.0
2025-10-09 11:50:00,2025-10-09 15:00:00,1,"MACDクロス(12,21,12)",-20.0,667.7,-40.0
2025-10-14 14:10:00,2025-10-14 15:00:00,1,"MACDクロス(12,21,12)",-20.0,647.7,-60.0
2025-10-16 09:15:00,2025-10-16 09:25:00,1,"MACDクロス(12,21,12)",20.0,667.7,-40.0
2025-10-16 10:10:00,2025-10-16 10:50:00,1,"MACDクロス(12,21,12)",-20.0,647.7,-60.0
2025-10-16 10:55:00,2025-10-16 12:00:00,1,"MACDクロス(12,21,12)",20.0,667.7,-40.0
2025-10-17 13:15:00,2025-10-17 14:00:00,1,"MACDクロス(12,21,12)",-20.0,647.7,-60.0
2025-10-21 10:25:00,2025-10-21 10:40:00,1,"MACDクロス(12,21,12)",20.0,667.7,-40.0
2025-10-28 10:30:00,2025-10-28 12:50:00,1,"MACDクロス(12,21,12)",-20.0,647.7,-60.0
2025-10-28 14:50:00,2025-10-28 16:00:00,1,"MACDクロス(12,21,12)",20.0,667.7,-40.0
2025-10-29 10:25:00,2025-10-29 10:40:00,1,"MACDクロス(12,21,12)",20.0,687.7,-20.0
2025-11-05 11:00:00,2025-11-05 12:05:00,1,"MACDクロス(12,21,12)",20.0,707.7,0.0
2025-11-21 10:30:00,2025-11-21 13:00:00,1,"MACDクロス(12,21,12)",-20.0,687.7,-20.0
2025-11-21 13:55:00,2025-11-21 15:05:00,1,"MACDクロス(12,21,12)",-20.0,667.7,-40.0
2025-11-25 11:10:00,2025-11-25 13:15:00,1,"MACDクロス(12,21,12)",20.0,687.7,-20.0
2025-11-26 12:05:00,2025-11-26 13:10:00,1,"MACDクロス(12,21,12)",20.0,707.7,0.0
2025-11-27 10:40:00,2025-11-27 15:40:00,1,"MACDクロス(12,21,12)",20.0,727.7,0.0
2025-11-28 13:05:00,2025-11-28 22:55:00,1,"MACDクロス(12,21,12)",-20.0,707.7,-20.0
2025-12-01 10:05:00,2025-12-01 10:05:00,1,"MACDクロス(12,21,12)",-20.0,687.7,-40.0
2025-12-01 10:10:00,2025-12-01 10:30:00,1,"MACDクロス(12,21,12)",-20.0,667.7,-60.0
2025-12-01 10:35:00,2025-12-01 10:55:00,1,"MACDクロス(12,21,12)",-20.0,647.7,-80.0
2025-12-01 11:20:00,2025-12-01 16:40:00,1,"MACDクロス(12,21,12)",20.0,667.7,-60.0
2025-12-11 09:40:00,2025-12-11 09:55:00,1,"MACDクロス(12,21,12)",20.0,687.7,-40.0
2025-12-11 11:25:00,2025-12-11 13:55:00,1,"MACDクロス(12,21,12)",-20.0,667.7,-60.0
2025-12-16 09:40:00,2025-12-16 11:50:00,1,"MACDクロス(12,21,12)",-20.0,647.7,-80.0
2025-12-23 12:00:00,2025-12-23 13:00:00,1,"MACDクロス(12,21,12)",-20.0,627.7,-100.0
2025-12-24 09:25:00,2025-12-24 09:55:00,1,"MACDクロス(12,21,12)",-20.0,607.7,-120.0
2025-12-24 11:35:00,2025-12-24 12:35:00,1,"MACDクロス(12,21,12)",20.0,627.7,-100.0
2025-12-29 10:00:00,2025-12-29 11:15:00,1,"MACDクロス(12,21,12)",20.0,647.7,-80.0
2025-12-30 09:05:00,2025-12-30 09:50:00,1,"MACDクロス(12,21,12)",20.0,667.7,-60.0
2026-01-15 11:30:00,2026-01-15 16:10:00,1,"MACDクロス(12,21,12)",20.0,687.7,-40.0
2026-01-16 12:55:00,2026-01-16 15:00:00,1,"MACDクロス(12,21,12)",20.0,707.7,-20.0
2026-01-19 09:10:00,2026-01-19 09:20:00,1,"MACDクロス(12,21,12)",-20.0,687.7,-40.0
2026-01-19 10:00:00,2026-01-19 10:50:00,1,"MACDクロス(12,21,12)",-20.0,667.7,-60.0
2026-01-26 09:50:00,2026-01-26 10:00:00,1,"MACDクロス(12,21,12)",20.0,687.7,-40.0
2026-01-26 12:05:00,2026-01-26 12:15:00,1,"MACDクロス(12,21,12)",20.0,707.7,-20.0
2026-01-26 13:20:00,2026-01-26 14:05:00,1,"MACDクロス(12,21,12)",-20.0,687.7,-40.0
2026-01-28 14:50:00,2026-01-28 16:10:00,1,"MACDクロス(12,21,12)",-20.0,667.7,-60.0
2026-01-29 13:20:00,2026-01-29 16:25:00,1,"MACDクロス(12,21,12)",20.0,687.7,-40.0
2026-02-06 09:45:00,2026-02-06 10:20:00,1,"MACDクロス(12,21,12)",-20.0,667.7,-60.0
2026-02-06 10:45:00,2026-02-06 15:00:00,1,"MACDクロス(12,21,12)",20.0,687.7,-40.0
2026-02-09 11:00:00,2026-02-09 11:05:00,1,"MACDクロス(12,21,12)",20.0,707.7,-20.0
2026-02-09 13:15:00,2026-02-09 14:10:00,1,"MACDクロス(12,21,12)",20.0,727.7,0.0
2026-02-10 13:00:00,2026-02-10 14:15:00,1,"MACDクロス(12,21,12)",-20.0,707.7,-20.0
2026-02-11 10:50:00,2026-02-11 11:15:00,1,"MACDクロス(12,21,12)",-20.0,687.7,-40.0
2026-02-11 11:25:00,2026-02-11 11:55:00,1,"MACDクロス(12,21,12)",20.0,707.7,-20.0
2026-02-11 12:20:00,2026-02-11 13:10:00,1,"MACDクロス(12,21,12)",-20.0,687.7,-40.0
2026-02-12 12:45:00,2026-02-12 12:50:00,1,"MACDクロス(12,21,12)",20.0,707.7,-20.0
2026-02-17 11:00:00,2026-02-17 14:25:00,1,"MACDクロス(12,21,12)",20.0,727.7,0.0
2026-02-23 10:20:00,2026-02-23 12:05:00,1,"MACDクロス(12,21,12)",20.0,747.7,0.0
2026-02-25 12:15:00,2026-02-25 14:55:00,1,"MACDクロス(12,21,12)",-20.0,727.7,-20.0
2026-02-27 10:00:00,2026-02-27 13:25:00,1,"MACDクロス(12,21,12)",-20.0,707.7,-40.0
2026-03-05 10:50:00,2026-03-05 11:30:00,1,"MACDクロス(12,21,12)",20.0,727.7,-20.0
2026-03-10 10:30:00,2026-03-10 15:15:00,1,"MACDクロス(12,21,12)",-20.0,707.7,-40.0
2026-04-08 10:55:00,2026-04-08 14:50:00,1,"MACDクロス(12,21,12)",20.0,727.7,-20.0
2026-04-16 12:45:00,2026-04-16 14:40:00,1,"MACDクロス(12,21,12)",20.0,747.7,0.0
2026-04-28 13:35:00,2026-04-28 15:45:00,1,"MACDクロス(12,21,12)",20.0,767.7,0.0
2026-05-04 13:40:00,2026-05-04 15:40:00,1,"MACDクロス(12,21,12)",20.0,787.7,0.0
2026-05-06 14:30:00,2026-05-06 16:10:00,1,"MACDクロス(12,21,12)",20.0,807.7,0.0
2026-05-07 11:10:00,2026-05-07 16:15:00,1,"MACDクロス(12,21,12)",-20.0,787.7,-20.0
2026-06-04 14:25:00,2026-06-04 23:55:00,1,"MACDクロス(12,21,12)",6.2,793.9,-13.8
2026-06-16 12:10:00,2026-06-16 13:10:00,1,"MACDクロス(12,21,12)",-20.0,773.9,-33.8
2026-06-26 13:50:00,2026-06-26 23:55:00,1,"MACDクロス(12,21,12)",7.8,781.7,-26.0
