戦略,戦略タイプ,利確pips,損切りpips,時間帯,曜日,トレンド環境,ボラ環境,学習_取引回数,学習_1日平均回数,学習_勝率%,学習_総損益pips,学習_平均利益pips,学習_平均損失pips,学習_PF,学習_最大DD_pips,学習_最大連敗,検証_取引回数,検証_1日平均回数,検証_勝率%,検証_総損益pips,検証_平均利益pips,検証_平均損失pips,検証_PF,検証_最大DD_pips,検証_最大連敗,乖離率(検証PF/学習PF),総合スコア,判定
"BB逆張り(期間30, 1.5σ)",BB逆張り,4,30,東京(9-15時),全曜日,レンジのみ,直近30分変動大,322,1.4,88.8,64.0,4.0,-30.0,1.059,-174.0,3,152,1.3,92.1,200.0,4.0,-30.0,1.556,-66.0,1,1.469,79.0,採用候補
"BBブレイク(期間20, 2.0σ)",BBブレイク,6,5,東京(9-15時),全曜日,順方向のみ,ATR低,561,1.4,47.8,143.0,6.0,-5.0,1.098,-101.0,7,208,1.5,54.3,203.0,6.0,-5.0,1.427,-29.0,4,1.3,77.1,採用候補
"BB逆張り(期間14, 1.5σ)",BB逆張り,4,30,9時台,全曜日,レンジのみ,なし,514,1.2,88.5,128.8,4.0,-28.66,1.076,-190.0,3,184,1.2,91.3,215.2,4.0,-28.55,1.471,-98.0,2,1.367,74.9,採用候補
"BB逆張り(期間14, 2.0σ)",BB逆張り,4,30,全時間,金,順方向のみ,直近30分変動大,410,2.5,89.0,176.8,4.0,-28.52,1.138,-222.0,2,174,2.4,89.7,125.2,4.0,-27.71,1.251,-92.0,1,1.099,73.3,採用候補
"BBブレイク(期間20, 2.5σ)",BBブレイク,25,20,全時間,木,下降のみ,なし,349,2.3,51.0,901.7,23.7,-19.4,1.272,-206.4,9,109,2.1,54.1,514.7,24.72,-18.87,1.545,-80.0,4,1.215,72.3,採用候補
"MACDクロス(16,26,9)",MACDクロス,12,5,全時間,月,なし,ATR低,570,3.6,30.7,99.7,11.83,-4.99,1.051,-106.0,17,196,3.6,39.3,319.7,11.88,-5.0,1.537,-71.0,8,1.462,72.3,採用候補
"BBブレイク(期間25, 2.0σ)",BBブレイク,10,10,東京(9-15時),全曜日,順方向のみ,ATR低,477,1.2,53.7,347.5,9.97,-9.98,1.158,-150.0,8,180,1.3,55.6,207.1,10.0,-9.91,1.261,-60.0,4,1.089,71.1,採用候補
"BBブレイク(期間30, 2.0σ)",BBブレイク,10,12,東京(9-15時),月,なし,直近30分変動大,380,2.4,57.4,229.7,9.97,-12.0,1.118,-132.0,9,172,2.4,61.6,268.0,10.0,-12.0,1.338,-88.0,4,1.197,71.0,採用候補
"BBブレイク(期間30, 2.0σ)",BBブレイク,5,20,ロンドン(16-21時),全曜日,順方向のみ,ATR高,580,1.7,81.4,238.5,5.0,-19.64,1.112,-159.3,4,178,1.7,83.1,153.1,5.0,-19.56,1.261,-85.0,3,1.134,70.9,採用候補
"BBブレイク(期間30, 2.0σ)",BBブレイク,4,25,東京(9-15時),全曜日,上昇のみ,ATR低,467,1.4,86.3,110.8,4.0,-23.46,1.074,-126.2,3,177,1.5,88.1,102.4,3.98,-24.69,1.197,-83.0,2,1.115,70.9,採用候補
"MACDクロス(8,26,6)",MACDクロス,8,15,全時間,金,レンジのみ,ATR高,383,2.7,66.3,127.0,8.0,-14.77,1.067,-234.0,4,109,2.7,69.7,121.1,7.92,-14.58,1.252,-67.0,4,1.173,70.2,採用候補
"MACDクロス(12,21,12)",MACDクロス,20,20,東京(9-15時),全曜日,下降のみ,ATR高,360,1.6,51.9,247.7,19.78,-19.95,1.072,-291.8,7,160,1.6,58.8,534.0,19.72,-20.0,1.405,-120.0,5,1.311,70.1,採用候補
"RSI逆張り(期間7, 25/75)",RSI逆張り,6,20,全時間,火,順方向のみ,なし,375,2.0,78.1,140.5,6.0,-19.73,1.087,-310.0,3,168,2.3,79.2,109.9,6.0,-19.66,1.16,-74.0,3,1.067,69.2,採用候補
"BBブレイク(期間30, 1.5σ)",BBブレイク,25,30,全時間,木,順方向のみ,ATR高,440,2.4,57.7,916.7,23.49,-27.15,1.182,-278.6,11,138,2.5,60.1,492.8,25.0,-28.77,1.311,-160.0,3,1.109,69.1,採用候補
"RSI逆張り(期間10, 30/70)",RSI逆張り,8,15,ロンドン(16-21時),金,なし,なし,440,2.2,67.0,169.8,7.95,-15.0,1.078,-215.0,3,150,2.2,69.3,152.6,8.0,-14.77,1.225,-87.0,4,1.136,69.1,採用候補
"BB逆張り(期間30, 2.5σ)",BB逆張り,20,5,全時間,木,上昇のみ,なし,485,3.0,21.4,130.6,19.53,-4.99,1.069,-170.0,33,192,3.1,26.6,259.7,18.92,-5.0,1.368,-80.0,15,1.28,69.1,採用候補
"RSI逆張り(期間14, 35/65)",RSI逆張り,5,25,全時間,全曜日,順方向のみ,なし,927,1.4,84.0,454.8,4.99,-23.2,1.132,-218.7,3,346,1.4,85.8,265.7,4.99,-24.82,1.219,-143.3,3,1.077,68.8,採用候補
"MACDクロス(12,26,12)",MACDクロス,20,30,東京(9-15時),全曜日,下降のみ,ATR高,313,1.4,62.6,382.6,19.66,-29.67,1.11,-270.0,4,145,1.4,65.5,389.2,19.73,-29.71,1.262,-190.0,3,1.137,68.6,採用候補
"RSI逆張り(期間14, 30/65)",RSI逆張り,5,30,全時間,金,下降のみ,なし,421,2.9,86.2,142.9,4.99,-28.77,1.086,-211.5,3,127,2.4,87.4,75.0,5.0,-30.0,1.156,-105.0,2,1.064,68.2,採用候補
"MACDクロス(16,35,6)",MACDクロス,15,15,東京(9-15時),全曜日,順方向のみ,ATR低,421,1.1,51.8,228.0,14.69,-14.66,1.077,-336.1,7,140,1.2,54.3,177.4,14.82,-14.82,1.187,-90.0,4,1.102,68.2,採用候補
"EMAクロス(15,75)",EMAクロス,15,15,全時間,木,なし,直近30分変動大,460,2.7,51.7,240.5,14.81,-14.8,1.073,-171.3,8,195,2.7,54.9,292.2,14.91,-14.81,1.224,-105.0,5,1.141,68.0,採用候補
"MACDクロス(12,21,12)",MACDクロス,30,20,東京(9-15時),火,なし,なし,380,1.8,45.3,902.6,28.66,-19.36,1.224,-236.0,8,158,2.0,46.8,553.5,29.86,-19.71,1.334,-140.0,5,1.09,67.6,採用候補
"MACDクロス(12,21,12)",MACDクロス,12,25,東京(9-15時),全曜日,下降のみ,ATR高,363,1.6,69.4,249.0,12.0,-25.0,1.09,-204.0,4,161,1.6,71.4,220.0,11.91,-25.0,1.191,-177.0,3,1.093,67.3,採用候補
"BBブレイク(期間20, 2.0σ)",BBブレイク,10,15,ロンドン(16-21時),全曜日,上昇のみ,ATR高,417,1.6,61.9,213.9,9.97,-14.84,1.091,-202.9,7,123,1.6,65.0,177.5,9.94,-14.36,1.287,-145.0,5,1.18,67.2,採用候補
"MACDクロス(16,21,6)",MACDクロス,25,30,東京(9-15時),火,なし,なし,356,1.7,55.9,389.7,24.22,-28.22,1.088,-432.8,7,148,1.9,59.5,515.5,24.82,-27.81,1.309,-206.1,5,1.203,67.2,採用候補
"RSI逆張り(期間7, 25/60)",RSI逆張り,8,15,全時間,金,順方向のみ,直近30分変動大,309,2.2,67.6,172.0,8.0,-15.0,1.115,-138.0,5,136,2.2,68.4,116.1,8.0,-14.6,1.185,-128.0,3,1.063,67.1,採用候補
"BB逆張り(期間14, 2.0σ)",BB逆張り,15,30,9時台,全曜日,レンジのみ,なし,348,1.0,67.8,319.1,14.62,-27.97,1.102,-209.8,4,118,1.0,71.2,286.2,14.88,-28.34,1.297,-165.0,5,1.177,67.1,採用候補
"RSI逆張り(期間10, 20/60)",RSI逆張り,25,10,9時台,全曜日,上昇のみ,なし,354,1.1,29.9,132.1,24.48,-9.93,1.054,-213.8,12,129,1.1,34.1,235.2,24.66,-10.0,1.277,-100.0,10,1.212,67.1,採用候補
"MACDクロス(8,35,9)",MACDクロス,10,20,東京(9-15時),全曜日,下降のみ,ATR高,425,1.9,69.2,320.0,10.0,-20.0,1.122,-180.0,3,187,1.9,70.6,214.4,9.96,-20.0,1.195,-190.0,3,1.065,67.0,採用候補
"BBブレイク(期間30, 1.5σ)",BBブレイク,15,5,全時間,月,なし,ATR低,590,3.5,27.1,192.7,14.61,-4.99,1.09,-150.2,15,200,3.4,29.0,143.7,14.72,-5.0,1.202,-65.0,13,1.103,67.0,採用候補
"BBブレイク(期間20, 1.5σ)",BBブレイク,25,30,全時間,木,順方向のみ,ATR高,489,2.6,58.1,1018.4,23.15,-27.1,1.183,-314.2,6,159,2.6,59.1,486.6,24.57,-28.05,1.267,-189.2,4,1.071,66.9,採用候補
"BBブレイク(期間14, 2.5σ)",BBブレイク,20,30,全時間,木,順方向のみ,直近30分変動大,358,2.1,62.6,534.3,19.09,-27.92,1.143,-281.8,5,142,2.2,63.4,320.5,19.56,-27.68,1.223,-152.4,4,1.07,66.9,採用候補
"MACDクロス(16,35,9)",MACDクロス,10,5,ロンドン(16-21時),全曜日,なし,ATR低,485,1.8,37.1,226.7,9.73,-5.0,1.149,-135.0,9,207,1.6,37.2,115.9,9.95,-5.0,1.178,-55.0,9,1.025,66.8,採用候補
"MACDクロス(16,35,6)",MACDクロス,10,5,東京(9-15時),全曜日,順方向のみ,ATR低,490,1.3,36.7,247.2,9.98,-5.0,1.159,-90.0,12,166,1.4,36.7,85.0,10.0,-5.0,1.162,-45.0,9,1.003,66.6,採用候補
"BBブレイク(期間14, 1.5σ)",BBブレイク,30,30,東京(9-15時),全曜日,下降のみ,なし,787,1.4,52.9,1286.0,27.91,-27.83,1.125,-558.9,6,335,1.6,55.2,1147.5,29.13,-28.28,1.271,-240.0,5,1.13,66.5,採用候補
"BBブレイク(期間14, 1.5σ)",BBブレイク,30,15,全時間,木,順方向のみ,ATR高,570,3.0,36.7,485.2,27.88,-14.8,1.091,-466.6,15,184,2.9,38.0,379.1,29.25,-14.64,1.227,-135.0,6,1.125,66.5,採用候補
"BBブレイク(期間20, 2.0σ)",BBブレイク,20,8,ロンドン(16-21時),金,なし,なし,492,2.4,30.3,180.5,19.55,-7.97,1.066,-314.6,13,186,2.4,33.3,223.1,19.6,-8.0,1.225,-104.0,9,1.149,66.4,採用候補
"EMAクロス(10,100)",EMAクロス,20,8,全時間,全曜日,下降のみ,なし,336,1.4,31.0,148.8,19.06,-7.9,1.081,-216.0,14,143,1.5,34.3,216.6,19.32,-7.77,1.297,-113.9,13,1.2,66.4,採用候補
"MACDクロス(12,26,12)",MACDクロス,15,5,ロンドン(16-21時),全曜日,レンジのみ,直近30分変動大,395,1.5,27.3,185.0,15.0,-5.0,1.129,-145.0,13,194,1.4,29.4,170.0,15.0,-5.0,1.248,-90.0,12,1.105,66.2,採用候補
"BBブレイク(期間20, 2.5σ)",BBブレイク,30,8,ロンドン(16-21時),全曜日,なし,ATR高,517,1.3,24.2,182.3,26.34,-7.93,1.059,-280.0,18,135,1.3,25.2,192.1,29.29,-7.96,1.239,-100.0,11,1.17,66.2,採用候補
"MACDクロス(16,26,9)",MACDクロス,30,12,東京(9-15時),全曜日,なし,ATR低,813,1.3,32.5,638.2,26.88,-11.76,1.099,-381.3,19,273,1.3,35.9,655.2,27.82,-11.83,1.316,-162.0,13,1.197,66.0,採用候補
"BBブレイク(期間30, 1.5σ)",BBブレイク,20,30,全時間,木,下降のみ,ATR高,349,2.8,64.2,791.6,19.43,-28.48,1.222,-230.0,7,123,2.7,64.2,306.8,20.0,-28.94,1.241,-173.1,4,1.016,65.9,採用候補
"MACDクロス(8,26,6)",MACDクロス,30,30,全時間,木,下降のみ,直近30分変動大,310,2.5,52.6,456.6,28.74,-28.77,1.108,-270.0,5,119,2.2,56.3,437.6,28.93,-28.87,1.292,-327.7,5,1.166,65.7,採用候補
"BBブレイク(期間20, 1.5σ)",BBブレイク,20,15,東京(9-15時),全曜日,下降のみ,直近30分変動大,715,2.0,46.2,800.8,19.91,-14.99,1.139,-495.0,8,372,2.0,47.0,529.0,19.91,-15.0,1.179,-115.0,7,1.035,65.5,採用候補
押し目(EMA200+RSI45/60),押し目,20,5,東京(9-15時),全曜日,順方向のみ,ATR低,312,1.2,21.5,84.5,19.54,-5.0,1.069,-165.0,17,102,1.2,24.5,115.0,20.0,-5.0,1.299,-110.0,21,1.215,65.4,採用候補
"MACDクロス(8,26,6)",MACDクロス,10,8,東京(9-15時),月,順方向のみ,なし,367,2.0,46.6,142.0,10.0,-8.0,1.091,-142.0,7,145,2.1,49.0,118.0,10.0,-8.0,1.199,-92.0,8,1.099,65.4,採用候補
"BB逆張り(期間25, 2.0σ)",BB逆張り,12,30,全時間,火,なし,ATR高,566,3.3,71.0,425.5,11.83,-26.41,1.098,-338.6,3,239,3.7,73.6,304.4,11.94,-28.51,1.169,-237.6,4,1.065,65.4,採用候補
"BB逆張り(期間25, 2.0σ)",BB逆張り,15,25,全時間,火,レンジのみ,直近30分変動大,318,2.1,66.0,466.8,14.76,-24.37,1.177,-340.0,5,166,2.6,66.3,223.2,14.68,-24.86,1.16,-136.8,4,0.986,65.3,採用候補
"BBブレイク(期間20, 2.0σ)",BBブレイク,12,12,東京(9-15時),全曜日,順方向のみ,なし,1496,1.7,51.4,499.5,11.96,-11.97,1.057,-734.5,10,586,1.9,53.9,565.2,12.0,-11.95,1.175,-154.8,8,1.112,65.1,採用候補
"RSI逆張り(期間10, 25/70)",RSI逆張り,25,5,ロンドン(16-21時),金,なし,なし,430,2.3,20.0,312.0,23.58,-4.99,1.182,-177.9,14,129,2.1,22.5,171.0,23.14,-5.0,1.342,-145.2,16,1.135,65.1,採用候補
"BB逆張り(期間20, 1.5σ)",BB逆張り,20,8,16時台,全曜日,なし,ATR高,505,1.3,29.9,171.8,19.84,-7.98,1.061,-200.2,17,174,1.4,32.2,182.5,20.0,-7.94,1.195,-112.0,11,1.126,65.0,採用候補
"BBブレイク(期間25, 2.0σ)",BBブレイク,15,5,東京(9-15時),全曜日,順方向のみ,ATR低,492,1.3,27.6,260.0,15.0,-5.0,1.146,-105.0,16,190,1.4,28.4,130.0,15.0,-5.0,1.191,-80.0,16,1.039,64.9,採用候補
"BBブレイク(期間20, 2.0σ)",BBブレイク,15,15,東京(9-15時),全曜日,順方向のみ,直近30分変動大,973,1.6,51.6,482.4,14.96,-14.92,1.069,-525.0,9,432,1.7,53.5,462.8,15.0,-14.94,1.154,-182.2,6,1.08,64.8,採用候補
"BBブレイク(期間30, 2.0σ)",BBブレイク,30,12,東京(9-15時),全曜日,上昇のみ,ATR低,380,1.1,32.9,395.7,27.25,-11.8,1.131,-384.2,11,137,1.2,32.8,196.3,28.39,-11.75,1.182,-115.3,7,1.045,64.7,採用候補
"BB逆張り(期間14, 2.0σ)",BB逆張り,15,15,全時間,金,下降のみ,なし,782,4.6,51.7,385.9,14.88,-14.88,1.069,-285.0,8,288,4.6,53.5,308.9,14.95,-14.88,1.155,-180.0,6,1.08,64.6,採用候補
"EMAクロス(5,30)",EMAクロス,30,8,全時間,金,下降のみ,直近30分変動大,351,2.6,23.6,254.3,28.9,-8.0,1.119,-390.6,19,156,2.9,25.6,269.4,29.79,-7.95,1.292,-198.6,14,1.155,64.6,採用候補
"BB逆張り(期間20, 2.0σ)",BB逆張り,30,15,全時間,木,順方向のみ,なし,490,2.4,36.5,265.7,27.03,-14.7,1.058,-496.5,13,203,2.6,37.9,369.3,28.74,-14.63,1.2,-204.7,8,1.134,64.4,採用候補
"BB逆張り(期間25, 2.0σ)",BB逆張り,30,10,ロンドン(16-21時),全曜日,順方向のみ,なし,478,1.1,29.7,274.4,25.2,-9.83,1.083,-227.5,16,207,1.2,31.4,300.3,25.98,-9.78,1.216,-180.0,10,1.123,64.4,採用候補
押し目(EMA200+RSI45/65),押し目,30,12,9時台,全曜日,レンジのみ,なし,327,1.1,33.0,448.5,28.1,-11.81,1.173,-318.0,13,107,1.1,33.6,203.2,29.31,-12.0,1.238,-120.0,10,1.055,64.4,採用候補
押し目(EMA200+RSI40/55),押し目,25,8,東京(9-15時),木,なし,なし,313,1.8,26.5,140.2,23.86,-8.0,1.076,-225.0,15,127,1.9,27.6,139.0,25.0,-8.0,1.189,-133.0,8,1.105,64.1,採用候補
"EMAクロス(10,50)",EMAクロス,25,20,東京(9-15時),全曜日,レンジのみ,なし,515,1.1,47.2,616.4,23.84,-19.03,1.119,-284.0,8,192,1.1,49.0,332.5,23.71,-19.34,1.175,-203.6,6,1.05,64.0,採用候補
"EMAクロス(5,50)",EMAクロス,15,5,東京(9-15時),全曜日,なし,ATR高,546,1.9,27.3,250.0,15.0,-5.0,1.126,-205.0,25,235,1.9,28.1,145.0,15.0,-5.0,1.172,-105.0,17,1.041,63.9,採用候補
"RSI逆張り(期間14, 40/70)",RSI逆張り,30,10,ロンドン(16-21時),全曜日,上昇のみ,直近30分変動大,342,1.4,28.1,227.3,27.9,-9.96,1.093,-279.2,13,138,1.5,29.7,178.5,28.01,-10.0,1.184,-130.0,10,1.083,63.9,採用候補
"MACDクロス(8,26,6)",MACDクロス,15,8,全時間,木,順方向のみ,ATR高,579,3.3,38.9,517.0,14.85,-7.98,1.183,-164.0,19,191,3.2,38.2,151.0,15.0,-8.0,1.16,-101.0,9,0.981,63.6,採用候補
"MACDクロス(8,21,12)",MACDクロス,25,10,16時台,全曜日,なし,ATR高,384,1.3,32.0,438.8,24.75,-9.98,1.168,-225.0,13,122,1.2,32.8,146.5,24.09,-9.96,1.179,-120.0,8,1.009,63.5,採用候補
"BBブレイク(期間14, 1.5σ)",BBブレイク,25,12,全時間,月,下降のみ,直近30分変動大,479,3.9,34.9,344.8,24.19,-11.84,1.093,-192.0,8,255,4.2,36.9,342.0,24.09,-11.94,1.178,-187.2,11,1.078,63.4,採用候補
"MACDクロス(12,26,6)",MACDクロス,20,12,10時台,全曜日,なし,直近30分変動大,304,1.1,38.8,123.0,19.87,-11.94,1.055,-216.0,9,132,1.1,40.9,144.0,20.0,-12.0,1.154,-176.0,7,1.094,63.3,採用候補
"BBブレイク(期間30, 2.0σ)",BBブレイク,25,12,全時間,木,順方向のみ,ATR高,445,2.5,36.6,507.4,23.55,-11.81,1.152,-288.6,14,124,2.3,35.5,153.1,25.0,-11.84,1.162,-141.6,7,1.009,63.2,採用候補
"EMAクロス(12,30)",EMAクロス,12,12,全時間,月,下降のみ,なし,311,2.3,55.9,434.8,11.71,-11.7,1.271,-120.0,6,136,2.5,54.4,124.4,11.74,-12.0,1.167,-120.0,6,0.918,62.8,採用候補
"BBブレイク(期間14, 1.5σ)",BBブレイク,25,8,東京(9-15時),全曜日,順方向のみ,ATR低,600,1.2,28.5,681.4,23.96,-7.96,1.199,-190.9,13,216,1.3,27.8,238.6,24.56,-7.92,1.193,-159.0,12,0.995,62.6,採用候補
"BB逆張り(期間20, 2.5σ)",BB逆張り,25,30,全時間,火,なし,直近30分変動大,590,2.9,56.1,887.6,23.47,-26.57,1.129,-408.0,6,264,3.5,58.3,472.4,23.33,-28.37,1.151,-382.6,7,1.019,62.3,採用候補
"BB逆張り(期間20, 2.5σ)",BB逆張り,30,25,全時間,火,上昇のみ,なし,332,1.9,49.1,383.0,26.31,-23.11,1.098,-535.5,7,125,2.2,50.4,279.6,27.14,-23.07,1.195,-347.1,10,1.088,62.1,採用候補
"RSI逆張り(期間7, 20/80)",RSI逆張り,25,5,全時間,全曜日,順方向のみ,直近30分変動大,470,1.2,19.4,187.6,22.77,-4.97,1.1,-192.9,23,229,1.3,18.8,145.0,25.0,-5.0,1.156,-185.0,27,1.051,61.9,採用候補
"RSI逆張り(期間7, 30/65)",RSI逆張り,30,5,東京(9-15時),金,なし,ATR高,383,3.2,16.7,325.0,30.0,-5.0,1.204,-295.0,24,134,3.0,16.4,93.1,29.69,-5.0,1.166,-105.0,18,0.968,61.7,採用候補
"MACDクロス(12,21,6)",MACDクロス,25,5,東京(9-15時),木,下降のみ,なし,322,2.8,17.7,80.0,24.57,-4.98,1.061,-90.0,16,155,3.8,18.7,95.0,25.0,-5.0,1.151,-170.0,21,1.085,61.5,採用候補
