gap_start,gap_end,gap_minutes,missing_bars,type
2020-12-31 21:55:00+00:00,2021-01-03 22:00:00+00:00,4325.0,864,要確認
2021-01-08 21:55:00+00:00,2021-01-10 22:00:00+00:00,2885.0,576,週末休場(正常)
2021-01-15 21:55:00+00:00,2021-01-17 22:00:00+00:00,2885.0,576,週末休場(正常)
2021-01-22 21:55:00+00:00,2021-01-24 22:00:00+00:00,2885.0,576,週末休場(正常)
2021-01-29 21:55:00+00:00,2021-01-31 22:00:00+00:00,2885.0,576,週末休場(正常)
2021-02-05 21:55:00+00:00,2021-02-07 22:00:00+00:00,2885.0,576,週末休場(正常)
2021-02-12 21:55:00+00:00,2021-02-14 22:00:00+00:00,2885.0,576,週末休場(正常)
2021-02-19 21:55:00+00:00,2021-02-21 22:00:00+00:00,2885.0,576,週末休場(正常)
2021-02-26 21:55:00+00:00,2021-02-28 22:00:00+00:00,2885.0,576,週末休場(正常)
2021-03-05 21:55:00+00:00,2021-03-07 22:00:00+00:00,2885.0,576,週末休場(正常)
2021-03-12 21:55:00+00:00,2021-03-14 21:00:00+00:00,2825.0,564,週末休場(正常)
2021-03-19 20:55:00+00:00,2021-03-21 21:00:00+00:00,2885.0,576,週末休場(正常)
2021-03-26 20:55:00+00:00,2021-03-28 21:00:00+00:00,2885.0,576,週末休場(正常)
2021-04-02 20:55:00+00:00,2021-04-04 21:00:00+00:00,2885.0,576,週末休場(正常)
2021-04-09 20:55:00+00:00,2021-04-11 21:05:00+00:00,2890.0,577,週末休場(正常)
2021-04-16 20:55:00+00:00,2021-04-18 21:00:00+00:00,2885.0,576,週末休場(正常)
2021-04-23 20:55:00+00:00,2021-04-25 21:00:00+00:00,2885.0,576,週末休場(正常)
2021-04-30 20:55:00+00:00,2021-05-02 21:00:00+00:00,2885.0,576,週末休場(正常)
2021-05-07 20:55:00+00:00,2021-05-09 21:00:00+00:00,2885.0,576,週末休場(正常)
2021-05-14 20:55:00+00:00,2021-05-16 21:00:00+00:00,2885.0,576,週末休場(正常)
2021-05-21 20:55:00+00:00,2021-05-23 21:00:00+00:00,2885.0,576,週末休場(正常)
2021-05-28 20:55:00+00:00,2021-05-30 21:00:00+00:00,2885.0,576,週末休場(正常)
2021-06-03 21:10:00+00:00,2021-06-03 21:25:00+00:00,15.0,2,要確認
2021-06-04 20:55:00+00:00,2021-06-06 21:00:00+00:00,2885.0,576,週末休場(正常)
2021-06-11 20:55:00+00:00,2021-06-13 21:00:00+00:00,2885.0,576,週末休場(正常)
2021-06-18 20:55:00+00:00,2021-06-20 21:00:00+00:00,2885.0,576,週末休場(正常)
2021-06-25 20:55:00+00:00,2021-06-27 21:00:00+00:00,2885.0,576,週末休場(正常)
2021-07-02 20:55:00+00:00,2021-07-04 21:00:00+00:00,2885.0,576,週末休場(正常)
2021-07-09 20:55:00+00:00,2021-07-11 21:00:00+00:00,2885.0,576,週末休場(正常)
2021-07-16 20:55:00+00:00,2021-07-18 21:00:00+00:00,2885.0,576,週末休場(正常)
2021-07-23 20:55:00+00:00,2021-07-25 21:00:00+00:00,2885.0,576,週末休場(正常)
2021-07-30 20:55:00+00:00,2021-08-01 21:00:00+00:00,2885.0,576,週末休場(正常)
2021-08-06 20:55:00+00:00,2021-08-08 21:00:00+00:00,2885.0,576,週末休場(正常)
2021-08-08 21:20:00+00:00,2021-08-08 21:30:00+00:00,10.0,1,要確認
2021-08-13 20:55:00+00:00,2021-08-15 21:00:00+00:00,2885.0,576,週末休場(正常)
2021-08-20 20:55:00+00:00,2021-08-22 21:00:00+00:00,2885.0,576,週末休場(正常)
2021-08-27 20:55:00+00:00,2021-08-29 21:00:00+00:00,2885.0,576,週末休場(正常)
2021-09-03 20:55:00+00:00,2021-09-05 21:00:00+00:00,2885.0,576,週末休場(正常)
2021-09-10 20:55:00+00:00,2021-09-12 21:00:00+00:00,2885.0,576,週末休場(正常)
2021-09-17 20:55:00+00:00,2021-09-19 21:00:00+00:00,2885.0,576,週末休場(正常)
2021-09-24 20:55:00+00:00,2021-09-26 21:00:00+00:00,2885.0,576,週末休場(正常)
2021-10-01 20:55:00+00:00,2021-10-03 21:00:00+00:00,2885.0,576,週末休場(正常)
2021-10-08 20:55:00+00:00,2021-10-10 21:00:00+00:00,2885.0,576,週末休場(正常)
2021-10-15 20:55:00+00:00,2021-10-17 21:00:00+00:00,2885.0,576,週末休場(正常)
2021-10-22 20:55:00+00:00,2021-10-24 21:00:00+00:00,2885.0,576,週末休場(正常)
2021-10-29 20:55:00+00:00,2021-10-31 21:00:00+00:00,2885.0,576,週末休場(正常)
2021-11-05 20:55:00+00:00,2021-11-07 22:00:00+00:00,2945.0,588,週末休場(正常)
2021-11-12 21:55:00+00:00,2021-11-14 22:00:00+00:00,2885.0,576,週末休場(正常)
2021-11-19 21:55:00+00:00,2021-11-21 22:00:00+00:00,2885.0,576,週末休場(正常)
2021-11-26 21:55:00+00:00,2021-11-28 22:00:00+00:00,2885.0,576,週末休場(正常)
2021-12-03 21:55:00+00:00,2021-12-05 22:00:00+00:00,2885.0,576,週末休場(正常)
2021-12-09 22:00:00+00:00,2021-12-09 22:10:00+00:00,10.0,1,要確認
2021-12-10 21:55:00+00:00,2021-12-12 22:00:00+00:00,2885.0,576,週末休場(正常)
2021-12-17 21:55:00+00:00,2021-12-19 22:00:00+00:00,2885.0,576,週末休場(正常)
2021-12-20 21:55:00+00:00,2021-12-20 22:05:00+00:00,10.0,1,要確認
2021-12-20 22:05:00+00:00,2021-12-20 22:15:00+00:00,10.0,1,要確認
2021-12-24 21:55:00+00:00,2021-12-26 22:00:00+00:00,2885.0,576,週末休場(正常)
2021-12-31 21:55:00+00:00,2022-01-02 22:00:00+00:00,2885.0,576,週末休場(正常)
2022-01-07 21:55:00+00:00,2022-01-09 22:00:00+00:00,2885.0,576,週末休場(正常)
2022-01-14 21:55:00+00:00,2022-01-16 22:00:00+00:00,2885.0,576,週末休場(正常)
2022-01-21 21:55:00+00:00,2022-01-23 22:00:00+00:00,2885.0,576,週末休場(正常)
2022-01-28 21:55:00+00:00,2022-01-30 22:00:00+00:00,2885.0,576,週末休場(正常)
2022-02-04 21:55:00+00:00,2022-02-06 22:00:00+00:00,2885.0,576,週末休場(正常)
2022-02-11 21:55:00+00:00,2022-02-13 22:00:00+00:00,2885.0,576,週末休場(正常)
2022-02-18 21:55:00+00:00,2022-02-20 22:00:00+00:00,2885.0,576,週末休場(正常)
2022-02-25 21:55:00+00:00,2022-02-27 22:00:00+00:00,2885.0,576,週末休場(正常)
2022-03-04 21:55:00+00:00,2022-03-06 22:00:00+00:00,2885.0,576,週末休場(正常)
2022-03-11 21:55:00+00:00,2022-03-13 21:00:00+00:00,2825.0,564,週末休場(正常)
2022-03-18 20:55:00+00:00,2022-03-20 21:00:00+00:00,2885.0,576,週末休場(正常)
2022-03-25 20:55:00+00:00,2022-03-27 21:00:00+00:00,2885.0,576,週末休場(正常)
2022-04-01 20:55:00+00:00,2022-04-03 21:00:00+00:00,2885.0,576,週末休場(正常)
2022-04-08 20:55:00+00:00,2022-04-10 21:00:00+00:00,2885.0,576,週末休場(正常)
2022-04-15 20:55:00+00:00,2022-04-17 21:10:00+00:00,2895.0,578,週末休場(正常)
2022-04-22 20:55:00+00:00,2022-04-24 21:10:00+00:00,2895.0,578,週末休場(正常)
2022-04-29 20:55:00+00:00,2022-05-01 21:00:00+00:00,2885.0,576,週末休場(正常)
2022-05-06 20:55:00+00:00,2022-05-08 21:00:00+00:00,2885.0,576,週末休場(正常)
2022-05-13 20:55:00+00:00,2022-05-15 21:05:00+00:00,2890.0,577,週末休場(正常)
2022-05-20 20:55:00+00:00,2022-05-22 21:00:00+00:00,2885.0,576,週末休場(正常)
2022-05-27 20:55:00+00:00,2022-05-29 21:00:00+00:00,2885.0,576,週末休場(正常)
2022-06-03 20:55:00+00:00,2022-06-05 21:00:00+00:00,2885.0,576,週末休場(正常)
2022-06-10 20:55:00+00:00,2022-06-12 21:00:00+00:00,2885.0,576,週末休場(正常)
2022-06-17 20:55:00+00:00,2022-06-19 21:00:00+00:00,2885.0,576,週末休場(正常)
2022-06-24 20:55:00+00:00,2022-06-26 21:30:00+00:00,2915.0,582,週末休場(正常)
2022-07-01 20:55:00+00:00,2022-07-03 21:00:00+00:00,2885.0,576,週末休場(正常)
2022-07-08 20:55:00+00:00,2022-07-10 21:00:00+00:00,2885.0,576,週末休場(正常)
2022-07-15 20:55:00+00:00,2022-07-17 21:05:00+00:00,2890.0,577,週末休場(正常)
2022-07-17 21:40:00+00:00,2022-07-17 21:50:00+00:00,10.0,1,要確認
2022-07-22 20:55:00+00:00,2022-07-24 21:00:00+00:00,2885.0,576,週末休場(正常)
2022-07-29 20:55:00+00:00,2022-07-31 21:00:00+00:00,2885.0,576,週末休場(正常)
2022-08-05 20:55:00+00:00,2022-08-07 21:00:00+00:00,2885.0,576,週末休場(正常)
2022-08-12 20:55:00+00:00,2022-08-14 21:05:00+00:00,2890.0,577,週末休場(正常)
2022-08-19 20:55:00+00:00,2022-08-21 21:00:00+00:00,2885.0,576,週末休場(正常)
2022-08-24 21:50:00+00:00,2022-08-24 22:00:00+00:00,10.0,1,要確認
2022-08-26 20:55:00+00:00,2022-08-28 21:00:00+00:00,2885.0,576,週末休場(正常)
2022-09-02 20:55:00+00:00,2022-09-04 21:00:00+00:00,2885.0,576,週末休場(正常)
2022-09-09 20:55:00+00:00,2022-09-11 21:00:00+00:00,2885.0,576,週末休場(正常)
2022-09-16 20:55:00+00:00,2022-09-18 21:00:00+00:00,2885.0,576,週末休場(正常)
2022-09-18 21:35:00+00:00,2022-09-18 21:45:00+00:00,10.0,1,要確認
2022-09-23 20:55:00+00:00,2022-09-25 21:00:00+00:00,2885.0,576,週末休場(正常)
2022-09-30 20:55:00+00:00,2022-10-02 21:05:00+00:00,2890.0,577,週末休場(正常)
2022-10-07 20:55:00+00:00,2022-10-09 21:10:00+00:00,2895.0,578,週末休場(正常)
2022-10-09 21:10:00+00:00,2022-10-09 21:25:00+00:00,15.0,2,要確認
2022-10-09 21:35:00+00:00,2022-10-09 21:50:00+00:00,15.0,2,要確認
2022-10-13 20:55:00+00:00,2022-10-13 21:05:00+00:00,10.0,1,要確認
2022-10-14 20:55:00+00:00,2022-10-16 21:00:00+00:00,2885.0,576,週末休場(正常)
2022-10-21 20:55:00+00:00,2022-10-23 21:05:00+00:00,2890.0,577,週末休場(正常)
2022-10-28 20:55:00+00:00,2022-10-30 21:00:00+00:00,2885.0,576,週末休場(正常)
2022-11-04 20:55:00+00:00,2022-11-06 22:00:00+00:00,2945.0,588,週末休場(正常)
2022-11-11 21:55:00+00:00,2022-11-13 22:00:00+00:00,2885.0,576,週末休場(正常)
2022-11-18 21:55:00+00:00,2022-11-20 22:00:00+00:00,2885.0,576,週末休場(正常)
2022-11-20 22:10:00+00:00,2022-11-20 22:20:00+00:00,10.0,1,要確認
2022-11-25 21:55:00+00:00,2022-11-27 22:00:00+00:00,2885.0,576,週末休場(正常)
2022-11-30 22:05:00+00:00,2022-11-30 22:15:00+00:00,10.0,1,要確認
2022-12-02 21:55:00+00:00,2022-12-04 22:00:00+00:00,2885.0,576,週末休場(正常)
2022-12-09 21:55:00+00:00,2022-12-11 22:00:00+00:00,2885.0,576,週末休場(正常)
2022-12-15 21:55:00+00:00,2022-12-15 22:05:00+00:00,10.0,1,要確認
2022-12-16 21:55:00+00:00,2022-12-18 22:00:00+00:00,2885.0,576,週末休場(正常)
2022-12-23 21:55:00+00:00,2022-12-25 22:00:00+00:00,2885.0,576,週末休場(正常)
2022-12-25 22:10:00+00:00,2022-12-25 22:20:00+00:00,10.0,1,要確認
2022-12-25 23:05:00+00:00,2022-12-25 23:15:00+00:00,10.0,1,要確認
2022-12-30 21:55:00+00:00,2023-01-01 22:00:00+00:00,2885.0,576,週末休場(正常)
2023-01-01 22:50:00+00:00,2023-01-01 23:00:00+00:00,10.0,1,要確認
2023-01-02 03:15:00+00:00,2023-01-02 03:25:00+00:00,10.0,1,要確認
2023-01-06 21:55:00+00:00,2023-01-08 22:00:00+00:00,2885.0,576,週末休場(正常)
2023-01-13 21:55:00+00:00,2023-01-15 22:00:00+00:00,2885.0,576,週末休場(正常)
2023-01-20 21:55:00+00:00,2023-01-22 22:00:00+00:00,2885.0,576,週末休場(正常)
2023-01-26 22:10:00+00:00,2023-01-26 22:20:00+00:00,10.0,1,要確認
2023-01-27 21:55:00+00:00,2023-01-29 22:00:00+00:00,2885.0,576,週末休場(正常)
2023-01-31 22:05:00+00:00,2023-01-31 22:15:00+00:00,10.0,1,要確認
2023-02-03 21:55:00+00:00,2023-02-05 22:00:00+00:00,2885.0,576,週末休場(正常)
2023-02-10 21:55:00+00:00,2023-02-12 22:00:00+00:00,2885.0,576,週末休場(正常)
2023-02-17 21:55:00+00:00,2023-02-19 22:00:00+00:00,2885.0,576,週末休場(正常)
2023-02-24 21:55:00+00:00,2023-02-26 22:00:00+00:00,2885.0,576,週末休場(正常)
2023-03-03 21:55:00+00:00,2023-03-05 22:00:00+00:00,2885.0,576,週末休場(正常)
2023-03-10 21:55:00+00:00,2023-03-12 21:00:00+00:00,2825.0,564,週末休場(正常)
2023-03-17 20:55:00+00:00,2023-03-19 21:00:00+00:00,2885.0,576,週末休場(正常)
2023-03-24 20:55:00+00:00,2023-03-26 21:00:00+00:00,2885.0,576,週末休場(正常)
2023-03-31 20:55:00+00:00,2023-04-02 21:00:00+00:00,2885.0,576,週末休場(正常)
2023-04-07 20:55:00+00:00,2023-04-09 21:00:00+00:00,2885.0,576,週末休場(正常)
2023-04-09 21:20:00+00:00,2023-04-09 21:30:00+00:00,10.0,1,要確認
2023-04-09 21:35:00+00:00,2023-04-09 21:45:00+00:00,10.0,1,要確認
2023-04-14 20:55:00+00:00,2023-04-16 21:00:00+00:00,2885.0,576,週末休場(正常)
2023-04-16 21:05:00+00:00,2023-04-16 21:15:00+00:00,10.0,1,要確認
2023-04-16 21:30:00+00:00,2023-04-16 21:40:00+00:00,10.0,1,要確認
2023-04-21 20:55:00+00:00,2023-04-23 21:00:00+00:00,2885.0,576,週末休場(正常)
2023-04-28 20:55:00+00:00,2023-04-30 21:00:00+00:00,2885.0,576,週末休場(正常)
2023-05-04 20:55:00+00:00,2023-05-04 21:05:00+00:00,10.0,1,要確認
2023-05-05 20:55:00+00:00,2023-05-07 21:00:00+00:00,2885.0,576,週末休場(正常)
2023-05-12 20:55:00+00:00,2023-05-14 21:00:00+00:00,2885.0,576,週末休場(正常)
2023-05-19 20:55:00+00:00,2023-05-21 21:00:00+00:00,2885.0,576,週末休場(正常)
2023-05-26 20:55:00+00:00,2023-05-28 21:00:00+00:00,2885.0,576,週末休場(正常)
2023-06-02 20:55:00+00:00,2023-06-04 21:00:00+00:00,2885.0,576,週末休場(正常)
2023-06-09 20:55:00+00:00,2023-06-11 21:05:00+00:00,2890.0,577,週末休場(正常)
2023-06-16 20:55:00+00:00,2023-06-18 21:00:00+00:00,2885.0,576,週末休場(正常)
2023-06-23 20:55:00+00:00,2023-06-25 21:00:00+00:00,2885.0,576,週末休場(正常)
2023-06-25 21:30:00+00:00,2023-06-25 21:40:00+00:00,10.0,1,要確認
2023-06-30 20:55:00+00:00,2023-07-02 21:00:00+00:00,2885.0,576,週末休場(正常)
2023-07-04 21:10:00+00:00,2023-07-04 21:25:00+00:00,15.0,2,要確認
2023-07-07 20:55:00+00:00,2023-07-09 21:05:00+00:00,2890.0,577,週末休場(正常)
2023-07-09 21:30:00+00:00,2023-07-09 21:40:00+00:00,10.0,1,要確認
2023-07-14 20:55:00+00:00,2023-07-16 21:05:00+00:00,2890.0,577,週末休場(正常)
2023-07-21 20:55:00+00:00,2023-07-23 21:00:00+00:00,2885.0,576,週末休場(正常)
2023-07-28 20:55:00+00:00,2023-07-30 21:00:00+00:00,2885.0,576,週末休場(正常)
2023-08-04 20:55:00+00:00,2023-08-06 21:00:00+00:00,2885.0,576,週末休場(正常)
2023-08-11 20:55:00+00:00,2023-08-13 21:00:00+00:00,2885.0,576,週末休場(正常)
2023-08-13 21:30:00+00:00,2023-08-13 21:40:00+00:00,10.0,1,要確認
2023-08-18 20:55:00+00:00,2023-08-20 21:00:00+00:00,2885.0,576,週末休場(正常)
2023-08-25 20:55:00+00:00,2023-08-27 21:00:00+00:00,2885.0,576,週末休場(正常)
2023-09-01 20:55:00+00:00,2023-09-03 21:00:00+00:00,2885.0,576,週末休場(正常)
2023-09-04 17:00:00+00:00,2023-09-04 17:10:00+00:00,10.0,1,要確認
2023-09-08 20:55:00+00:00,2023-09-10 21:00:00+00:00,2885.0,576,週末休場(正常)
2023-09-15 20:55:00+00:00,2023-09-17 21:00:00+00:00,2885.0,576,週末休場(正常)
2023-09-22 20:55:00+00:00,2023-09-24 21:00:00+00:00,2885.0,576,週末休場(正常)
2023-09-29 20:55:00+00:00,2023-10-01 21:00:00+00:00,2885.0,576,週末休場(正常)
2023-10-06 20:55:00+00:00,2023-10-08 21:00:00+00:00,2885.0,576,週末休場(正常)
2023-10-13 20:55:00+00:00,2023-10-15 21:00:00+00:00,2885.0,576,週末休場(正常)
2023-10-20 20:55:00+00:00,2023-10-22 21:00:00+00:00,2885.0,576,週末休場(正常)
2023-10-27 20:55:00+00:00,2023-10-29 21:00:00+00:00,2885.0,576,週末休場(正常)
2023-11-03 20:55:00+00:00,2023-11-05 22:00:00+00:00,2945.0,588,週末休場(正常)
2023-11-10 21:55:00+00:00,2023-11-12 22:00:00+00:00,2885.0,576,週末休場(正常)
2023-11-17 21:55:00+00:00,2023-11-19 22:00:00+00:00,2885.0,576,週末休場(正常)
2023-11-24 21:55:00+00:00,2023-11-26 22:00:00+00:00,2885.0,576,週末休場(正常)
2023-11-29 14:15:00+00:00,2023-11-29 14:35:00+00:00,20.0,3,要確認
2023-12-01 21:55:00+00:00,2023-12-03 22:00:00+00:00,2885.0,576,週末休場(正常)
2023-12-08 21:55:00+00:00,2023-12-10 22:00:00+00:00,2885.0,576,週末休場(正常)
2023-12-15 21:55:00+00:00,2023-12-17 22:00:00+00:00,2885.0,576,週末休場(正常)
2023-12-22 21:55:00+00:00,2023-12-24 23:30:00+00:00,2975.0,594,週末休場(正常)
2023-12-25 03:35:00+00:00,2023-12-25 03:45:00+00:00,10.0,1,要確認
2023-12-25 07:15:00+00:00,2023-12-25 07:30:00+00:00,15.0,2,要確認
2023-12-25 07:30:00+00:00,2023-12-25 07:40:00+00:00,10.0,1,要確認
2023-12-25 07:55:00+00:00,2023-12-25 22:00:00+00:00,845.0,168,要確認
2023-12-29 21:55:00+00:00,2024-01-01 22:00:00+00:00,4325.0,864,要確認
2024-01-05 21:55:00+00:00,2024-01-07 22:05:00+00:00,2890.0,577,週末休場(正常)
2024-01-12 21:55:00+00:00,2024-01-14 22:00:00+00:00,2885.0,576,週末休場(正常)
2024-01-19 21:55:00+00:00,2024-01-21 22:00:00+00:00,2885.0,576,週末休場(正常)
2024-01-26 21:55:00+00:00,2024-01-28 22:00:00+00:00,2885.0,576,週末休場(正常)
2024-02-02 21:55:00+00:00,2024-02-04 22:00:00+00:00,2885.0,576,週末休場(正常)
2024-02-09 21:55:00+00:00,2024-02-11 22:00:00+00:00,2885.0,576,週末休場(正常)
2024-02-16 21:55:00+00:00,2024-02-18 22:00:00+00:00,2885.0,576,週末休場(正常)
2024-02-23 21:55:00+00:00,2024-02-25 22:00:00+00:00,2885.0,576,週末休場(正常)
2024-03-01 21:55:00+00:00,2024-03-03 22:00:00+00:00,2885.0,576,週末休場(正常)
2024-03-08 21:55:00+00:00,2024-03-10 21:00:00+00:00,2825.0,564,週末休場(正常)
2024-03-15 20:55:00+00:00,2024-03-17 21:00:00+00:00,2885.0,576,週末休場(正常)
2024-03-22 20:55:00+00:00,2024-03-24 21:00:00+00:00,2885.0,576,週末休場(正常)
2024-03-29 20:55:00+00:00,2024-03-31 21:00:00+00:00,2885.0,576,週末休場(正常)
2024-04-05 20:55:00+00:00,2024-04-07 21:00:00+00:00,2885.0,576,週末休場(正常)
2024-04-12 20:55:00+00:00,2024-04-14 21:00:00+00:00,2885.0,576,週末休場(正常)
2024-04-19 20:55:00+00:00,2024-04-21 21:00:00+00:00,2885.0,576,週末休場(正常)
2024-04-26 20:55:00+00:00,2024-04-28 21:00:00+00:00,2885.0,576,週末休場(正常)
2024-05-03 20:55:00+00:00,2024-05-05 21:00:00+00:00,2885.0,576,週末休場(正常)
2024-05-10 20:55:00+00:00,2024-05-12 21:00:00+00:00,2885.0,576,週末休場(正常)
2024-05-17 20:55:00+00:00,2024-05-19 21:00:00+00:00,2885.0,576,週末休場(正常)
2024-05-24 20:55:00+00:00,2024-05-26 21:00:00+00:00,2885.0,576,週末休場(正常)
2024-05-31 20:55:00+00:00,2024-06-02 21:00:00+00:00,2885.0,576,週末休場(正常)
2024-06-07 20:55:00+00:00,2024-06-09 21:00:00+00:00,2885.0,576,週末休場(正常)
2024-06-14 20:55:00+00:00,2024-06-16 21:00:00+00:00,2885.0,576,週末休場(正常)
2024-06-21 20:55:00+00:00,2024-06-23 21:00:00+00:00,2885.0,576,週末休場(正常)
2024-06-28 20:55:00+00:00,2024-06-30 21:00:00+00:00,2885.0,576,週末休場(正常)
2024-07-05 20:55:00+00:00,2024-07-07 21:00:00+00:00,2885.0,576,週末休場(正常)
2024-07-12 20:55:00+00:00,2024-07-14 21:00:00+00:00,2885.0,576,週末休場(正常)
2024-07-19 20:55:00+00:00,2024-07-21 21:00:00+00:00,2885.0,576,週末休場(正常)
2024-07-26 20:55:00+00:00,2024-07-28 21:00:00+00:00,2885.0,576,週末休場(正常)
2024-08-02 20:55:00+00:00,2024-08-04 21:00:00+00:00,2885.0,576,週末休場(正常)
2024-08-09 20:55:00+00:00,2024-08-11 21:05:00+00:00,2890.0,577,週末休場(正常)
2024-08-16 20:55:00+00:00,2024-08-18 21:00:00+00:00,2885.0,576,週末休場(正常)
2024-08-23 20:55:00+00:00,2024-08-25 21:00:00+00:00,2885.0,576,週末休場(正常)
2024-08-30 20:55:00+00:00,2024-09-01 21:00:00+00:00,2885.0,576,週末休場(正常)
2024-09-01 21:15:00+00:00,2024-09-01 21:25:00+00:00,10.0,1,要確認
2024-09-06 20:55:00+00:00,2024-09-08 21:00:00+00:00,2885.0,576,週末休場(正常)
2024-09-13 20:55:00+00:00,2024-09-15 21:00:00+00:00,2885.0,576,週末休場(正常)
2024-09-20 20:55:00+00:00,2024-09-22 21:05:00+00:00,2890.0,577,週末休場(正常)
2024-09-27 20:55:00+00:00,2024-09-29 21:05:00+00:00,2890.0,577,週末休場(正常)
2024-09-29 21:15:00+00:00,2024-09-29 21:30:00+00:00,15.0,2,要確認
2024-10-04 20:55:00+00:00,2024-10-06 21:00:00+00:00,2885.0,576,週末休場(正常)
2024-10-11 20:55:00+00:00,2024-10-13 21:00:00+00:00,2885.0,576,週末休場(正常)
2024-10-18 20:55:00+00:00,2024-10-20 21:00:00+00:00,2885.0,576,週末休場(正常)
2024-10-23 21:05:00+00:00,2024-10-23 21:15:00+00:00,10.0,1,要確認
2024-10-23 21:30:00+00:00,2024-10-23 21:45:00+00:00,15.0,2,要確認
2024-10-25 20:55:00+00:00,2024-10-27 21:00:00+00:00,2885.0,576,週末休場(正常)
2024-10-29 21:40:00+00:00,2024-10-29 21:50:00+00:00,10.0,1,要確認
2024-11-01 20:55:00+00:00,2024-11-03 22:00:00+00:00,2945.0,588,週末休場(正常)
2024-11-08 21:55:00+00:00,2024-11-10 22:00:00+00:00,2885.0,576,週末休場(正常)
2024-11-15 21:55:00+00:00,2024-11-17 22:00:00+00:00,2885.0,576,週末休場(正常)
2024-11-19 22:10:00+00:00,2024-11-19 22:20:00+00:00,10.0,1,要確認
2024-11-21 17:00:00+00:00,2024-11-21 17:10:00+00:00,10.0,1,要確認
2024-11-22 21:55:00+00:00,2024-11-24 22:00:00+00:00,2885.0,576,週末休場(正常)
2024-11-28 21:55:00+00:00,2024-11-28 22:05:00+00:00,10.0,1,要確認
2024-11-28 22:15:00+00:00,2024-11-28 22:25:00+00:00,10.0,1,要確認
2024-11-29 21:55:00+00:00,2024-12-01 22:00:00+00:00,2885.0,576,週末休場(正常)
2024-12-06 21:55:00+00:00,2024-12-08 22:00:00+00:00,2885.0,576,週末休場(正常)
2024-12-10 22:00:00+00:00,2024-12-10 22:15:00+00:00,15.0,2,要確認
2024-12-13 21:55:00+00:00,2024-12-15 22:00:00+00:00,2885.0,576,週末休場(正常)
2024-12-17 15:05:00+00:00,2024-12-17 16:50:00+00:00,105.0,20,要確認
2024-12-20 21:55:00+00:00,2024-12-22 22:00:00+00:00,2885.0,576,週末休場(正常)
2024-12-24 22:05:00+00:00,2024-12-24 22:40:00+00:00,35.0,6,要確認
2024-12-24 22:40:00+00:00,2024-12-24 22:50:00+00:00,10.0,1,要確認
2024-12-25 07:55:00+00:00,2024-12-25 22:00:00+00:00,845.0,168,要確認
2024-12-27 21:55:00+00:00,2024-12-29 22:00:00+00:00,2885.0,576,週末休場(正常)
2024-12-30 22:35:00+00:00,2024-12-30 22:50:00+00:00,15.0,2,要確認
2024-12-31 21:55:00+00:00,2025-01-01 22:00:00+00:00,1445.0,288,要確認
2025-01-03 21:55:00+00:00,2025-01-05 22:00:00+00:00,2885.0,576,週末休場(正常)
2025-01-05 22:05:00+00:00,2025-01-05 22:15:00+00:00,10.0,1,要確認
2025-01-10 21:55:00+00:00,2025-01-12 22:00:00+00:00,2885.0,576,週末休場(正常)
2025-01-17 21:55:00+00:00,2025-01-19 22:00:00+00:00,2885.0,576,週末休場(正常)
2025-01-24 21:55:00+00:00,2025-01-26 22:00:00+00:00,2885.0,576,週末休場(正常)
2025-01-31 21:55:00+00:00,2025-02-02 22:00:00+00:00,2885.0,576,週末休場(正常)
2025-02-07 21:55:00+00:00,2025-02-09 22:00:00+00:00,2885.0,576,週末休場(正常)
2025-02-14 21:55:00+00:00,2025-02-16 22:00:00+00:00,2885.0,576,週末休場(正常)
2025-02-21 21:55:00+00:00,2025-02-23 22:00:00+00:00,2885.0,576,週末休場(正常)
2025-02-26 22:15:00+00:00,2025-02-26 22:25:00+00:00,10.0,1,要確認
2025-02-28 21:55:00+00:00,2025-03-02 22:00:00+00:00,2885.0,576,週末休場(正常)
2025-03-07 21:55:00+00:00,2025-03-09 21:00:00+00:00,2825.0,564,週末休場(正常)
2025-03-09 21:10:00+00:00,2025-03-09 21:20:00+00:00,10.0,1,要確認
2025-03-09 21:20:00+00:00,2025-03-09 21:30:00+00:00,10.0,1,要確認
2025-03-13 21:35:00+00:00,2025-03-13 21:45:00+00:00,10.0,1,要確認
2025-03-14 20:55:00+00:00,2025-03-16 21:00:00+00:00,2885.0,576,週末休場(正常)
2025-03-21 20:55:00+00:00,2025-03-23 21:00:00+00:00,2885.0,576,週末休場(正常)
2025-03-28 20:55:00+00:00,2025-03-30 21:00:00+00:00,2885.0,576,週末休場(正常)
2025-04-04 20:55:00+00:00,2025-04-06 21:00:00+00:00,2885.0,576,週末休場(正常)
2025-04-09 20:55:00+00:00,2025-04-09 21:20:00+00:00,25.0,4,要確認
2025-04-09 21:20:00+00:00,2025-04-09 21:30:00+00:00,10.0,1,要確認
2025-04-11 20:55:00+00:00,2025-04-13 21:00:00+00:00,2885.0,576,週末休場(正常)
2025-04-14 20:55:00+00:00,2025-04-14 21:05:00+00:00,10.0,1,要確認
2025-04-14 21:05:00+00:00,2025-04-14 21:15:00+00:00,10.0,1,要確認
2025-04-18 20:55:00+00:00,2025-04-20 21:00:00+00:00,2885.0,576,週末休場(正常)
2025-04-25 20:55:00+00:00,2025-04-27 21:00:00+00:00,2885.0,576,週末休場(正常)
2025-04-28 21:05:00+00:00,2025-04-28 21:15:00+00:00,10.0,1,要確認
2025-04-28 21:50:00+00:00,2025-04-28 22:00:00+00:00,10.0,1,要確認
2025-05-01 20:55:00+00:00,2025-05-01 21:05:00+00:00,10.0,1,要確認
2025-05-02 20:55:00+00:00,2025-05-04 21:00:00+00:00,2885.0,576,週末休場(正常)
2025-05-09 20:55:00+00:00,2025-05-11 21:00:00+00:00,2885.0,576,週末休場(正常)
2025-05-16 20:55:00+00:00,2025-05-18 21:00:00+00:00,2885.0,576,週末休場(正常)
2025-05-23 20:55:00+00:00,2025-05-25 21:00:00+00:00,2885.0,576,週末休場(正常)
2025-05-30 20:55:00+00:00,2025-06-01 21:00:00+00:00,2885.0,576,週末休場(正常)
2025-06-05 20:55:00+00:00,2025-06-05 21:05:00+00:00,10.0,1,要確認
2025-06-06 20:55:00+00:00,2025-06-08 21:00:00+00:00,2885.0,576,週末休場(正常)
2025-06-13 20:55:00+00:00,2025-06-15 21:00:00+00:00,2885.0,576,週末休場(正常)
2025-06-20 20:55:00+00:00,2025-06-22 21:00:00+00:00,2885.0,576,週末休場(正常)
2025-06-26 21:45:00+00:00,2025-06-26 21:55:00+00:00,10.0,1,要確認
2025-06-27 20:55:00+00:00,2025-06-29 21:00:00+00:00,2885.0,576,週末休場(正常)
2025-07-04 20:55:00+00:00,2025-07-06 21:00:00+00:00,2885.0,576,週末休場(正常)
2025-07-11 20:55:00+00:00,2025-07-13 21:00:00+00:00,2885.0,576,週末休場(正常)
2025-07-18 20:55:00+00:00,2025-07-20 21:00:00+00:00,2885.0,576,週末休場(正常)
2025-07-25 20:55:00+00:00,2025-07-27 21:00:00+00:00,2885.0,576,週末休場(正常)
2025-08-01 20:55:00+00:00,2025-08-03 21:00:00+00:00,2885.0,576,週末休場(正常)
2025-08-08 20:55:00+00:00,2025-08-10 21:00:00+00:00,2885.0,576,週末休場(正常)
2025-08-10 21:20:00+00:00,2025-08-10 21:30:00+00:00,10.0,1,要確認
2025-08-15 20:55:00+00:00,2025-08-17 21:00:00+00:00,2885.0,576,週末休場(正常)
2025-08-22 20:55:00+00:00,2025-08-24 21:00:00+00:00,2885.0,576,週末休場(正常)
2025-08-29 20:55:00+00:00,2025-08-31 21:00:00+00:00,2885.0,576,週末休場(正常)
2025-08-31 21:20:00+00:00,2025-08-31 21:30:00+00:00,10.0,1,要確認
2025-09-05 20:55:00+00:00,2025-09-07 21:00:00+00:00,2885.0,576,週末休場(正常)
2025-09-12 20:55:00+00:00,2025-09-14 21:05:00+00:00,2890.0,577,週末休場(正常)
2025-09-19 20:55:00+00:00,2025-09-21 21:00:00+00:00,2885.0,576,週末休場(正常)
2025-09-26 20:55:00+00:00,2025-09-28 21:00:00+00:00,2885.0,576,週末休場(正常)
2025-09-28 21:30:00+00:00,2025-09-28 21:40:00+00:00,10.0,1,要確認
2025-10-03 20:55:00+00:00,2025-10-05 21:00:00+00:00,2885.0,576,週末休場(正常)
2025-10-10 20:55:00+00:00,2025-10-12 21:00:00+00:00,2885.0,576,週末休場(正常)
2025-10-17 20:55:00+00:00,2025-10-19 21:00:00+00:00,2885.0,576,週末休場(正常)
2025-10-24 20:55:00+00:00,2025-10-26 21:00:00+00:00,2885.0,576,週末休場(正常)
2025-10-31 20:55:00+00:00,2025-11-02 22:00:00+00:00,2945.0,588,週末休場(正常)
2025-11-07 21:55:00+00:00,2025-11-09 22:00:00+00:00,2885.0,576,週末休場(正常)
2025-11-14 21:55:00+00:00,2025-11-16 22:00:00+00:00,2885.0,576,週末休場(正常)
2025-11-21 21:55:00+00:00,2025-11-23 22:00:00+00:00,2885.0,576,週末休場(正常)
2025-11-28 21:55:00+00:00,2025-11-30 22:00:00+00:00,2885.0,576,週末休場(正常)
2025-12-05 21:55:00+00:00,2025-12-07 22:00:00+00:00,2885.0,576,週末休場(正常)
2025-12-12 21:55:00+00:00,2025-12-14 22:00:00+00:00,2885.0,576,週末休場(正常)
2025-12-19 21:55:00+00:00,2025-12-21 22:00:00+00:00,2885.0,576,週末休場(正常)
2025-12-24 22:00:00+00:00,2025-12-24 22:10:00+00:00,10.0,1,要確認
2025-12-24 22:15:00+00:00,2025-12-24 22:25:00+00:00,10.0,1,要確認
2025-12-24 22:30:00+00:00,2025-12-24 22:40:00+00:00,10.0,1,要確認
2025-12-24 22:40:00+00:00,2025-12-24 22:55:00+00:00,15.0,2,要確認
2025-12-25 00:05:00+00:00,2025-12-25 00:20:00+00:00,15.0,2,要確認
2025-12-25 05:30:00+00:00,2025-12-25 05:40:00+00:00,10.0,1,要確認
2025-12-25 07:55:00+00:00,2025-12-25 22:00:00+00:00,845.0,168,要確認
2025-12-26 21:55:00+00:00,2025-12-28 22:00:00+00:00,2885.0,576,週末休場(正常)
2025-12-31 21:55:00+00:00,2026-01-01 22:00:00+00:00,1445.0,288,要確認
2026-01-02 21:55:00+00:00,2026-01-04 22:00:00+00:00,2885.0,576,週末休場(正常)
2026-01-09 21:55:00+00:00,2026-01-11 22:00:00+00:00,2885.0,576,週末休場(正常)
2026-01-16 21:55:00+00:00,2026-01-18 22:00:00+00:00,2885.0,576,週末休場(正常)
2026-01-23 21:55:00+00:00,2026-01-25 22:00:00+00:00,2885.0,576,週末休場(正常)
2026-01-30 21:55:00+00:00,2026-02-01 22:00:00+00:00,2885.0,576,週末休場(正常)
2026-02-06 21:55:00+00:00,2026-02-08 22:00:00+00:00,2885.0,576,週末休場(正常)
2026-02-13 21:55:00+00:00,2026-02-15 22:00:00+00:00,2885.0,576,週末休場(正常)
2026-02-20 21:55:00+00:00,2026-02-22 22:00:00+00:00,2885.0,576,週末休場(正常)
2026-02-27 21:55:00+00:00,2026-03-01 22:00:00+00:00,2885.0,576,週末休場(正常)
2026-03-06 21:55:00+00:00,2026-03-08 21:00:00+00:00,2825.0,564,週末休場(正常)
2026-03-13 20:55:00+00:00,2026-03-15 21:00:00+00:00,2885.0,576,週末休場(正常)
2026-03-20 20:55:00+00:00,2026-03-22 21:00:00+00:00,2885.0,576,週末休場(正常)
2026-03-27 20:55:00+00:00,2026-03-29 21:00:00+00:00,2885.0,576,週末休場(正常)
2026-04-03 20:55:00+00:00,2026-04-05 21:00:00+00:00,2885.0,576,週末休場(正常)
2026-04-10 20:55:00+00:00,2026-04-12 21:00:00+00:00,2885.0,576,週末休場(正常)
2026-04-17 20:55:00+00:00,2026-04-19 21:00:00+00:00,2885.0,576,週末休場(正常)
2026-04-24 20:55:00+00:00,2026-04-26 21:00:00+00:00,2885.0,576,週末休場(正常)
2026-05-01 20:55:00+00:00,2026-05-03 21:00:00+00:00,2885.0,576,週末休場(正常)
2026-05-08 20:55:00+00:00,2026-05-10 21:00:00+00:00,2885.0,576,週末休場(正常)
2026-05-15 20:55:00+00:00,2026-05-17 21:00:00+00:00,2885.0,576,週末休場(正常)
2026-05-22 20:55:00+00:00,2026-05-24 21:00:00+00:00,2885.0,576,週末休場(正常)
2026-05-29 20:55:00+00:00,2026-05-31 21:00:00+00:00,2885.0,576,週末休場(正常)
2026-06-05 20:55:00+00:00,2026-06-07 21:00:00+00:00,2885.0,576,週末休場(正常)
2026-06-12 20:55:00+00:00,2026-06-14 21:00:00+00:00,2885.0,576,週末休場(正常)
2026-06-15 21:15:00+00:00,2026-06-15 21:25:00+00:00,10.0,1,要確認
2026-06-19 20:55:00+00:00,2026-06-21 21:00:00+00:00,2885.0,576,週末休場(正常)
2026-06-26 20:55:00+00:00,2026-06-28 21:00:00+00:00,2885.0,576,週末休場(正常)
