candidate_no,v08判定,v08スコア,strategy,strategy_type,tp_pips,sl_pips,time_filter,weekday_filter,trend_filter,vol_filter,entry_time,exit_time,side,entry_open,exit_close,pnl_pips,exit_reason,equity_pips,running_max_pips,drawdown_pips,year,month,weekday_num,weekday,hour,v10_variant,v10_filter
1,監視,72.0,"MACDクロス(12,21,12)",MACDクロス,20,20,東京(9-15時),全曜日,下降のみ,ATR高,2021-02-22 10:25:00,2021-02-22 11:15:00,BUY,105.51,105.7,20.0,利確,25.4,25.4,0.0,2021,2021-02,0,月,10,exclude_thu_14h,木曜日＋14時エントリーを除外
1,監視,72.0,"MACDクロス(12,21,12)",MACDクロス,20,20,東京(9-15時),全曜日,下降のみ,ATR高,2021-02-23 09:10:00,2021-02-23 17:35:00,BUY,105.017,105.228,20.0,利確,45.4,45.4,0.0,2021,2021-02,1,火,9,exclude_thu_14h,木曜日＋14時エントリーを除外
1,監視,72.0,"MACDクロス(12,21,12)",MACDクロス,20,20,東京(9-15時),全曜日,下降のみ,ATR高,2021-02-26 12:15:00,2021-02-26 13:35:00,BUY,105.951,106.161,20.0,利確,65.4,65.4,0.0,2021,2021-02,4,金,12,exclude_thu_14h,木曜日＋14時エントリーを除外
1,監視,72.0,"MACDクロス(12,21,12)",MACDクロス,20,20,東京(9-15時),全曜日,下降のみ,ATR高,2021-03-19 13:40:00,2021-03-19 17:05:00,BUY,108.912,108.708,-20.0,損切り,65.4,85.4,-20.0,2021,2021-03,4,金,13,exclude_thu_14h,木曜日＋14時エントリーを除外
1,監視,72.0,"MACDクロス(12,21,12)",MACDクロス,20,20,東京(9-15時),全曜日,下降のみ,ATR高,2021-04-07 11:10:00,2021-04-07 16:30:00,BUY,109.698,109.86,20.0,利確,85.4,85.4,0.0,2021,2021-04,2,水,11,exclude_thu_14h,木曜日＋14時エントリーを除外
1,監視,72.0,"MACDクロス(12,21,12)",MACDクロス,20,20,東京(9-15時),全曜日,下降のみ,ATR高,2021-04-09 10:45:00,2021-04-09 16:10:00,BUY,109.287,109.495,20.0,利確,105.4,105.4,0.0,2021,2021-04,4,金,10,exclude_thu_14h,木曜日＋14時エントリーを除外
1,監視,72.0,"MACDクロス(12,21,12)",MACDクロス,20,20,東京(9-15時),全曜日,下降のみ,ATR高,2021-04-12 11:55:00,2021-04-12 18:30:00,BUY,109.532,109.328,-20.0,損切り,85.4,105.4,-20.0,2021,2021-04,0,月,11,exclude_thu_14h,木曜日＋14時エントリーを除外
1,監視,72.0,"MACDクロス(12,21,12)",MACDクロス,20,20,東京(9-15時),全曜日,下降のみ,ATR高,2021-04-14 09:55:00,2021-04-14 16:35:00,SELL,108.829,109.037,-20.0,損切り,65.4,105.4,-40.0,2021,2021-04,2,水,9,exclude_thu_14h,木曜日＋14時エントリーを除外
1,監視,72.0,"MACDクロス(12,21,12)",MACDクロス,20,20,東京(9-15時),全曜日,下降のみ,ATR高,2021-04-19 09:55:00,2021-04-19 16:30:00,SELL,108.65,108.411,20.0,利確,85.4,105.4,-20.0,2021,2021-04,0,月,9,exclude_thu_14h,木曜日＋14時エントリーを除外
1,監視,72.0,"MACDクロス(12,21,12)",MACDクロス,20,20,東京(9-15時),全曜日,下降のみ,ATR高,2021-04-20 09:40:00,2021-04-20 10:50:00,BUY,108.106,108.303,20.0,利確,105.4,105.4,0.0,2021,2021-04,1,火,9,exclude_thu_14h,木曜日＋14時エントリーを除外
1,監視,72.0,"MACDクロス(12,21,12)",MACDクロス,20,20,東京(9-15時),全曜日,下降のみ,ATR高,2021-04-21 10:00:00,2021-04-21 11:05:00,BUY,108.088,107.915,-20.0,損切り,85.4,105.4,-20.0,2021,2021-04,2,水,10,exclude_thu_14h,木曜日＋14時エントリーを除外
1,監視,72.0,"MACDクロス(12,21,12)",MACDクロス,20,20,東京(9-15時),全曜日,下降のみ,ATR高,2021-04-21 11:30:00,2021-04-21 16:40:00,BUY,107.977,108.2,20.0,利確,105.4,105.4,0.0,2021,2021-04,2,水,11,exclude_thu_14h,木曜日＋14時エントリーを除外
1,監視,72.0,"MACDクロス(12,21,12)",MACDクロス,20,20,東京(9-15時),全曜日,下降のみ,ATR高,2021-04-23 10:30:00,2021-04-23 21:00:00,BUY,107.922,107.682,-20.0,損切り,85.4,105.4,-20.0,2021,2021-04,4,金,10,exclude_thu_14h,木曜日＋14時エントリーを除外
1,監視,72.0,"MACDクロス(12,21,12)",MACDクロス,20,20,東京(9-15時),全曜日,下降のみ,ATR高,2021-06-21 12:00:00,2021-06-21 12:30:00,BUY,110.033,109.841,-20.0,損切り,65.4,105.4,-40.0,2021,2021-06,0,月,12,exclude_thu_14h,木曜日＋14時エントリーを除外
1,監視,72.0,"MACDクロス(12,21,12)",MACDクロス,20,20,東京(9-15時),全曜日,下降のみ,ATR高,2021-06-21 13:15:00,2021-06-21 16:45:00,BUY,109.822,110.032,20.0,利確,85.4,105.4,-20.0,2021,2021-06,0,月,13,exclude_thu_14h,木曜日＋14時エントリーを除外
1,監視,72.0,"MACDクロス(12,21,12)",MACDクロス,20,20,東京(9-15時),全曜日,下降のみ,ATR高,2021-07-07 10:30:00,2021-07-07 15:15:00,BUY,110.477,110.687,20.0,利確,105.4,105.4,0.0,2021,2021-07,2,水,10,exclude_thu_14h,木曜日＋14時エントリーを除外
1,監視,72.0,"MACDクロス(12,21,12)",MACDクロス,20,20,東京(9-15時),全曜日,下降のみ,ATR高,2021-07-19 09:25:00,2021-07-19 17:35:00,BUY,109.926,109.713,-20.0,損切り,105.4,125.4,-20.0,2021,2021-07,0,月,9,exclude_thu_14h,木曜日＋14時エントリーを除外
1,監視,72.0,"MACDクロス(12,21,12)",MACDクロス,20,20,東京(9-15時),全曜日,下降のみ,ATR高,2021-07-20 13:50:00,2021-07-20 16:30:00,BUY,109.473,109.662,20.0,利確,125.4,125.4,0.0,2021,2021-07,1,火,13,exclude_thu_14h,木曜日＋14時エントリーを除外
1,監視,72.0,"MACDクロス(12,21,12)",MACDクロス,20,20,東京(9-15時),全曜日,下降のみ,ATR高,2021-08-16 10:20:00,2021-08-16 19:20:00,BUY,109.494,109.287,-20.0,損切り,105.4,125.4,-20.0,2021,2021-08,0,月,10,exclude_thu_14h,木曜日＋14時エントリーを除外
1,監視,72.0,"MACDクロス(12,21,12)",MACDクロス,20,20,東京(9-15時),全曜日,下降のみ,ATR高,2021-08-20 11:30:00,2021-08-20 23:55:00,BUY,109.747,109.802,5.3,日終わり決済,110.7,125.4,-14.7,2021,2021-08,4,金,11,exclude_thu_14h,木曜日＋14時エントリーを除外
1,監視,72.0,"MACDクロス(12,21,12)",MACDクロス,20,20,東京(9-15時),全曜日,下降のみ,ATR高,2021-09-22 09:30:00,2021-09-22 10:10:00,BUY,109.223,109.374,20.0,利確,150.7,150.7,0.0,2021,2021-09,2,水,9,exclude_thu_14h,木曜日＋14時エントリーを除外
1,監視,72.0,"MACDクロス(12,21,12)",MACDクロス,20,20,東京(9-15時),全曜日,下降のみ,ATR高,2021-10-01 11:15:00,2021-10-01 13:05:00,BUY,111.313,111.139,-20.0,損切り,130.7,150.7,-20.0,2021,2021-10,4,金,11,exclude_thu_14h,木曜日＋14時エントリーを除外
1,監視,72.0,"MACDクロス(12,21,12)",MACDクロス,20,20,東京(9-15時),全曜日,下降のみ,ATR高,2021-10-01 13:55:00,2021-10-01 22:45:00,BUY,111.156,110.937,-20.0,損切り,110.7,150.7,-40.0,2021,2021-10,4,金,13,exclude_thu_14h,木曜日＋14時エントリーを除外
1,監視,72.0,"MACDクロス(12,21,12)",MACDクロス,20,20,東京(9-15時),全曜日,下降のみ,ATR高,2021-10-04 09:25:00,2021-10-04 16:25:00,BUY,110.969,111.158,20.0,利確,130.7,150.7,-20.0,2021,2021-10,0,月,9,exclude_thu_14h,木曜日＋14時エントリーを除外
1,監視,72.0,"MACDクロス(12,21,12)",MACDクロス,20,20,東京(9-15時),全曜日,下降のみ,ATR高,2021-10-05 10:05:00,2021-10-05 12:45:00,BUY,110.969,111.18,20.0,利確,150.7,150.7,0.0,2021,2021-10,1,火,10,exclude_thu_14h,木曜日＋14時エントリーを除外
1,監視,72.0,"MACDクロス(12,21,12)",MACDクロス,20,20,東京(9-15時),全曜日,下降のみ,ATR高,2021-10-18 11:05:00,2021-10-18 12:10:00,SELL,114.033,114.256,-20.0,損切り,130.7,150.7,-20.0,2021,2021-10,0,月,11,exclude_thu_14h,木曜日＋14時エントリーを除外
1,監視,72.0,"MACDクロス(12,21,12)",MACDクロス,20,20,東京(9-15時),全曜日,下降のみ,ATR高,2021-10-19 11:00:00,2021-10-19 15:30:00,BUY,114.214,113.969,-20.0,損切り,110.7,150.7,-40.0,2021,2021-10,1,火,11,exclude_thu_14h,木曜日＋14時エントリーを除外
1,監視,72.0,"MACDクロス(12,21,12)",MACDクロス,20,20,東京(9-15時),全曜日,下降のみ,ATR高,2021-11-05 11:15:00,2021-11-05 19:05:00,BUY,113.656,113.855,20.0,利確,90.7,150.7,-60.0,2021,2021-11,4,金,11,exclude_thu_14h,木曜日＋14時エントリーを除外
1,監視,72.0,"MACDクロス(12,21,12)",MACDクロス,20,20,東京(9-15時),全曜日,下降のみ,ATR高,2021-11-09 13:10:00,2021-11-09 21:55:00,BUY,112.867,113.061,20.0,利確,110.7,150.7,-40.0,2021,2021-11,1,火,13,exclude_thu_14h,木曜日＋14時エントリーを除外
1,監視,72.0,"MACDクロス(12,21,12)",MACDクロス,20,20,東京(9-15時),全曜日,下降のみ,ATR高,2021-11-26 10:00:00,2021-11-26 11:40:00,BUY,114.946,114.795,-20.0,損切り,110.7,150.7,-40.0,2021,2021-11,4,金,10,exclude_thu_14h,木曜日＋14時エントリーを除外
1,監視,72.0,"MACDクロス(12,21,12)",MACDクロス,20,20,東京(9-15時),全曜日,下降のみ,ATR高,2021-11-26 12:35:00,2021-11-26 15:20:00,BUY,114.715,114.519,-20.0,損切り,90.7,150.7,-60.0,2021,2021-11,4,金,12,exclude_thu_14h,木曜日＋14時エントリーを除外
1,監視,72.0,"MACDクロス(12,21,12)",MACDクロス,20,20,東京(9-15時),全曜日,下降のみ,ATR高,2021-11-29 12:35:00,2021-11-29 14:25:00,BUY,113.617,113.392,-20.0,損切り,70.7,150.7,-80.0,2021,2021-11,0,月,12,exclude_thu_14h,木曜日＋14時エントリーを除外
1,監視,72.0,"MACDクロス(12,21,12)",MACDクロス,20,20,東京(9-15時),全曜日,下降のみ,ATR高,2021-12-08 10:40:00,2021-12-08 17:35:00,SELL,113.419,113.589,-20.0,損切り,50.7,150.7,-100.0,2021,2021-12,2,水,10,exclude_thu_14h,木曜日＋14時エントリーを除外
1,監視,72.0,"MACDクロス(12,21,12)",MACDクロス,20,20,東京(9-15時),全曜日,下降のみ,ATR高,2021-12-17 13:45:00,2021-12-17 21:20:00,BUY,113.57,113.376,-20.0,損切り,30.7,150.7,-120.0,2021,2021-12,4,金,13,exclude_thu_14h,木曜日＋14時エントリーを除外
1,監視,72.0,"MACDクロス(12,21,12)",MACDクロス,20,20,東京(9-15時),全曜日,下降のみ,ATR高,2022-01-05 12:40:00,2022-01-05 19:10:00,BUY,115.965,115.78,-20.0,損切り,10.7,150.7,-140.0,2022,2022-01,2,水,12,exclude_thu_14h,木曜日＋14時エントリーを除外
1,監視,72.0,"MACDクロス(12,21,12)",MACDクロス,20,20,東京(9-15時),全曜日,下降のみ,ATR高,2022-01-14 11:45:00,2022-01-14 22:30:00,BUY,113.799,113.644,-20.0,損切り,-21.1,150.7,-171.8,2022,2022-01,4,金,11,exclude_thu_14h,木曜日＋14時エントリーを除外
1,監視,72.0,"MACDクロス(12,21,12)",MACDクロス,20,20,東京(9-15時),全曜日,下降のみ,ATR高,2022-01-21 09:00:00,2022-01-21 09:40:00,BUY,113.99,113.844,-20.0,損切り,-21.1,150.7,-171.8,2022,2022-01,4,金,9,exclude_thu_14h,木曜日＋14時エントリーを除外
1,監視,72.0,"MACDクロス(12,21,12)",MACDクロス,20,20,東京(9-15時),全曜日,下降のみ,ATR高,2022-01-21 10:30:00,2022-01-21 11:55:00,BUY,113.85,113.655,-20.0,損切り,-41.1,150.7,-191.8,2022,2022-01,4,金,10,exclude_thu_14h,木曜日＋14時エントリーを除外
1,監視,72.0,"MACDクロス(12,21,12)",MACDクロス,20,20,東京(9-15時),全曜日,下降のみ,ATR高,2022-01-21 13:00:00,2022-01-21 17:05:00,BUY,113.745,113.926,20.0,利確,-21.1,150.7,-171.8,2022,2022-01,4,金,13,exclude_thu_14h,木曜日＋14時エントリーを除外
1,監視,72.0,"MACDクロス(12,21,12)",MACDクロス,20,20,東京(9-15時),全曜日,下降のみ,ATR高,2022-02-14 11:30:00,2022-02-14 17:15:00,BUY,115.435,115.244,-20.0,損切り,-41.1,150.7,-191.8,2022,2022-02,0,月,11,exclude_thu_14h,木曜日＋14時エントリーを除外
1,監視,72.0,"MACDクロス(12,21,12)",MACDクロス,20,20,東京(9-15時),全曜日,下降のみ,ATR高,2022-02-22 10:50:00,2022-02-22 17:25:00,SELL,114.658,114.851,-20.0,損切り,-81.1,150.7,-231.8,2022,2022-02,1,火,10,exclude_thu_14h,木曜日＋14時エントリーを除外
1,監視,72.0,"MACDクロス(12,21,12)",MACDクロス,20,20,東京(9-15時),全曜日,下降のみ,ATR高,2022-03-04 10:05:00,2022-03-04 23:50:00,BUY,115.431,115.255,-20.0,損切り,-141.1,150.7,-291.8,2022,2022-03,4,金,10,exclude_thu_14h,木曜日＋14時エントリーを除外
1,監視,72.0,"MACDクロス(12,21,12)",MACDクロス,20,20,東京(9-15時),全曜日,下降のみ,ATR高,2022-03-25 12:20:00,2022-03-25 13:10:00,SELL,121.674,121.462,20.0,利確,-121.1,150.7,-271.8,2022,2022-03,4,金,12,exclude_thu_14h,木曜日＋14時エントリーを除外
1,監視,72.0,"MACDクロス(12,21,12)",MACDクロス,20,20,東京(9-15時),全曜日,下降のみ,ATR高,2022-03-25 13:55:00,2022-03-25 14:30:00,BUY,121.418,121.614,20.0,利確,-101.1,150.7,-251.8,2022,2022-03,4,金,13,exclude_thu_14h,木曜日＋14時エントリーを除外
1,監視,72.0,"MACDクロス(12,21,12)",MACDクロス,20,20,東京(9-15時),全曜日,下降のみ,ATR高,2022-03-29 13:20:00,2022-03-29 14:20:00,BUY,123.298,123.452,20.0,利確,-81.1,150.7,-231.8,2022,2022-03,1,火,13,exclude_thu_14h,木曜日＋14時エントリーを除外
1,監視,72.0,"MACDクロス(12,21,12)",MACDクロス,20,20,東京(9-15時),全曜日,下降のみ,ATR高,2022-03-30 10:55:00,2022-03-30 11:10:00,BUY,122.38,122.17,-20.0,損切り,-101.1,150.7,-251.8,2022,2022-03,2,水,10,exclude_thu_14h,木曜日＋14時エントリーを除外
1,監視,72.0,"MACDクロス(12,21,12)",MACDクロス,20,20,東京(9-15時),全曜日,下降のみ,ATR高,2022-03-30 11:25:00,2022-03-30 11:40:00,SELL,122.044,121.811,20.0,利確,-81.1,150.7,-231.8,2022,2022-03,2,水,11,exclude_thu_14h,木曜日＋14時エントリーを除外
1,監視,72.0,"MACDクロス(12,21,12)",MACDクロス,20,20,東京(9-15時),全曜日,下降のみ,ATR高,2022-03-30 12:45:00,2022-03-30 13:05:00,BUY,121.591,121.766,20.0,利確,-61.1,150.7,-211.8,2022,2022-03,2,水,12,exclude_thu_14h,木曜日＋14時エントリーを除外
1,監視,72.0,"MACDクロス(12,21,12)",MACDクロス,20,20,東京(9-15時),全曜日,下降のみ,ATR高,2022-04-04 10:10:00,2022-04-04 11:10:00,BUY,122.463,122.621,20.0,利確,-41.1,150.7,-191.8,2022,2022-04,0,月,10,exclude_thu_14h,木曜日＋14時エントリーを除外
1,監視,72.0,"MACDクロス(12,21,12)",MACDクロス,20,20,東京(9-15時),全曜日,下降のみ,ATR高,2022-04-05 10:50:00,2022-04-05 16:25:00,BUY,122.599,122.786,20.0,利確,-21.1,150.7,-171.8,2022,2022-04,1,火,10,exclude_thu_14h,木曜日＋14時エントリーを除外
1,監視,72.0,"MACDクロス(12,21,12)",MACDクロス,20,20,東京(9-15時),全曜日,下降のみ,ATR高,2022-04-25 12:15:00,2022-04-25 15:35:00,BUY,128.401,128.227,-20.0,損切り,-81.1,150.7,-231.8,2022,2022-04,0,月,12,exclude_thu_14h,木曜日＋14時エントリーを除外
1,監視,72.0,"MACDクロス(12,21,12)",MACDクロス,20,20,東京(9-15時),全曜日,下降のみ,ATR高,2022-04-26 10:05:00,2022-04-26 11:40:00,BUY,127.526,127.761,20.0,利確,-61.1,150.7,-211.8,2022,2022-04,1,火,10,exclude_thu_14h,木曜日＋14時エントリーを除外
1,監視,72.0,"MACDクロス(12,21,12)",MACDクロス,20,20,東京(9-15時),全曜日,下降のみ,ATR高,2022-05-02 09:55:00,2022-05-02 12:15:00,BUY,130.051,130.271,20.0,利確,-41.1,150.7,-191.8,2022,2022-05,0,月,9,exclude_thu_14h,木曜日＋14時エントリーを除外
1,監視,72.0,"MACDクロス(12,21,12)",MACDクロス,20,20,東京(9-15時),全曜日,下降のみ,ATR高,2022-05-10 10:35:00,2022-05-10 10:55:00,BUY,130.061,130.268,20.0,利確,-21.1,150.7,-171.8,2022,2022-05,1,火,10,exclude_thu_14h,木曜日＋14時エントリーを除外
1,監視,72.0,"MACDクロス(12,21,12)",MACDクロス,20,20,東京(9-15時),全曜日,下降のみ,ATR高,2022-05-16 11:55:00,2022-05-16 16:25:00,BUY,128.917,129.171,20.0,利確,-21.1,150.7,-171.8,2022,2022-05,0,月,11,exclude_thu_14h,木曜日＋14時エントリーを除外
1,監視,72.0,"MACDクロス(12,21,12)",MACDクロス,20,20,東京(9-15時),全曜日,下降のみ,ATR高,2022-05-20 13:50:00,2022-05-20 15:10:00,BUY,127.709,127.938,20.0,利確,18.9,150.7,-131.8,2022,2022-05,4,金,13,exclude_thu_14h,木曜日＋14時エントリーを除外
1,監視,72.0,"MACDクロス(12,21,12)",MACDクロス,20,20,東京(9-15時),全曜日,下降のみ,ATR高,2022-05-23 11:45:00,2022-05-23 14:35:00,BUY,127.35,127.553,20.0,利確,38.9,150.7,-111.8,2022,2022-05,0,月,11,exclude_thu_14h,木曜日＋14時エントリーを除外
1,監視,72.0,"MACDクロス(12,21,12)",MACDクロス,20,20,東京(9-15時),全曜日,下降のみ,ATR高,2022-05-27 10:20:00,2022-05-27 10:30:00,BUY,127.158,126.982,-20.0,損切り,18.9,150.7,-131.8,2022,2022-05,4,金,10,exclude_thu_14h,木曜日＋14時エントリーを除外
1,監視,72.0,"MACDクロス(12,21,12)",MACDクロス,20,20,東京(9-15時),全曜日,下降のみ,ATR高,2022-05-27 10:40:00,2022-05-27 11:30:00,SELL,126.93,126.714,20.0,利確,38.9,150.7,-111.8,2022,2022-05,4,金,10,exclude_thu_14h,木曜日＋14時エントリーを除外
1,監視,72.0,"MACDクロス(12,21,12)",MACDクロス,20,20,東京(9-15時),全曜日,下降のみ,ATR高,2022-06-14 10:00:00,2022-06-14 10:20:00,BUY,134.151,134.346,20.0,利確,38.9,150.7,-111.8,2022,2022-06,1,火,10,exclude_thu_14h,木曜日＋14時エントリーを除外
1,監視,72.0,"MACDクロス(12,21,12)",MACDクロス,20,20,東京(9-15時),全曜日,下降のみ,ATR高,2022-06-24 09:20:00,2022-06-24 10:20:00,BUY,135.074,134.865,-20.0,損切り,-1.1,150.7,-151.8,2022,2022-06,4,金,9,exclude_thu_14h,木曜日＋14時エントリーを除外
1,監視,72.0,"MACDクロス(12,21,12)",MACDクロス,20,20,東京(9-15時),全曜日,下降のみ,ATR高,2022-06-27 10:40:00,2022-06-27 11:45:00,BUY,134.68,134.874,20.0,利確,18.9,150.7,-131.8,2022,2022-06,0,月,10,exclude_thu_14h,木曜日＋14時エントリーを除外
1,監視,72.0,"MACDクロス(12,21,12)",MACDクロス,20,20,東京(9-15時),全曜日,下降のみ,ATR高,2022-07-01 12:55:00,2022-07-01 14:00:00,BUY,135.139,134.864,-20.0,損切り,-1.1,150.7,-151.8,2022,2022-07,4,金,12,exclude_thu_14h,木曜日＋14時エントリーを除外
1,監視,72.0,"MACDクロス(12,21,12)",MACDクロス,20,20,東京(9-15時),全曜日,下降のみ,ATR高,2022-07-08 12:50:00,2022-07-08 16:10:00,BUY,135.594,135.81,20.0,利確,-1.1,150.7,-151.8,2022,2022-07,4,金,12,exclude_thu_14h,木曜日＋14時エントリーを除外
1,監視,72.0,"MACDクロス(12,21,12)",MACDクロス,20,20,東京(9-15時),全曜日,下降のみ,ATR高,2022-07-22 09:15:00,2022-07-22 10:05:00,BUY,137.243,137.381,20.0,利確,18.9,150.7,-131.8,2022,2022-07,4,金,9,exclude_thu_14h,木曜日＋14時エントリーを除外
1,監視,72.0,"MACDクロス(12,21,12)",MACDクロス,20,20,東京(9-15時),全曜日,下降のみ,ATR高,2022-07-25 11:50:00,2022-07-25 15:15:00,BUY,136.189,136.434,20.0,利確,38.9,150.7,-111.8,2022,2022-07,0,月,11,exclude_thu_14h,木曜日＋14時エントリーを除外
1,監視,72.0,"MACDクロス(12,21,12)",MACDクロス,20,20,東京(9-15時),全曜日,下降のみ,ATR高,2022-07-29 13:35:00,2022-07-29 14:15:00,BUY,133.296,133.098,-20.0,損切り,-21.1,150.7,-171.8,2022,2022-07,4,金,13,exclude_thu_14h,木曜日＋14時エントリーを除外
1,監視,72.0,"MACDクロス(12,21,12)",MACDクロス,20,20,東京(9-15時),全曜日,下降のみ,ATR高,2022-08-01 11:00:00,2022-08-01 12:10:00,BUY,132.419,132.64,20.0,利確,18.9,150.7,-131.8,2022,2022-08,0,月,11,exclude_thu_14h,木曜日＋14時エントリーを除外
1,監視,72.0,"MACDクロス(12,21,12)",MACDクロス,20,20,東京(9-15時),全曜日,下降のみ,ATR高,2022-08-01 13:20:00,2022-08-01 14:00:00,SELL,132.431,132.548,-20.0,損切り,-1.1,150.7,-151.8,2022,2022-08,0,月,13,exclude_thu_14h,木曜日＋14時エントリーを除外
1,監視,72.0,"MACDクロス(12,21,12)",MACDクロス,20,20,東京(9-15時),全曜日,下降のみ,ATR高,2022-08-02 10:55:00,2022-08-02 12:10:00,BUY,130.675,130.856,20.0,利確,38.9,150.7,-111.8,2022,2022-08,1,火,10,exclude_thu_14h,木曜日＋14時エントリーを除外
1,監視,72.0,"MACDクロス(12,21,12)",MACDクロス,20,20,東京(9-15時),全曜日,下降のみ,ATR高,2022-08-02 13:25:00,2022-08-02 14:25:00,SELL,130.791,130.472,20.0,利確,58.9,150.7,-91.8,2022,2022-08,1,火,13,exclude_thu_14h,木曜日＋14時エントリーを除外
1,監視,72.0,"MACDクロス(12,21,12)",MACDクロス,20,20,東京(9-15時),全曜日,下降のみ,ATR高,2022-08-05 09:10:00,2022-08-05 10:05:00,BUY,132.845,133.211,20.0,利確,78.9,150.7,-71.8,2022,2022-08,4,金,9,exclude_thu_14h,木曜日＋14時エントリーを除外
1,監視,72.0,"MACDクロス(12,21,12)",MACDクロス,20,20,東京(9-15時),全曜日,下降のみ,ATR高,2022-08-15 10:25:00,2022-08-15 12:15:00,BUY,133.157,133.321,20.0,利確,98.9,150.7,-51.8,2022,2022-08,0,月,10,exclude_thu_14h,木曜日＋14時エントリーを除外
1,監視,72.0,"MACDクロス(12,21,12)",MACDクロス,20,20,東京(9-15時),全曜日,下降のみ,ATR高,2022-09-09 10:00:00,2022-09-09 10:20:00,BUY,143.791,143.653,-20.0,損切り,78.9,150.7,-71.8,2022,2022-09,4,金,10,exclude_thu_14h,木曜日＋14時エントリーを除外
1,監視,72.0,"MACDクロス(12,21,12)",MACDクロス,20,20,東京(9-15時),全曜日,下降のみ,ATR高,2022-09-09 10:25:00,2022-09-09 12:15:00,SELL,143.653,143.427,20.0,利確,98.9,150.7,-51.8,2022,2022-09,4,金,10,exclude_thu_14h,木曜日＋14時エントリーを除外
1,監視,72.0,"MACDクロス(12,21,12)",MACDクロス,20,20,東京(9-15時),全曜日,下降のみ,ATR高,2022-09-09 12:20:00,2022-09-09 12:20:00,SELL,143.427,143.263,20.0,利確,118.9,150.7,-31.8,2022,2022-09,4,金,12,exclude_thu_14h,木曜日＋14時エントリーを除外
1,監視,72.0,"MACDクロス(12,21,12)",MACDクロス,20,20,東京(9-15時),全曜日,下降のみ,ATR高,2022-09-12 11:15:00,2022-09-12 11:40:00,BUY,142.618,142.818,20.0,利確,158.9,158.9,0.0,2022,2022-09,0,月,11,exclude_thu_14h,木曜日＋14時エントリーを除外
1,監視,72.0,"MACDクロス(12,21,12)",MACDクロス,20,20,東京(9-15時),全曜日,下降のみ,ATR高,2022-09-13 09:55:00,2022-09-13 10:55:00,SELL,142.566,142.349,20.0,利確,178.9,178.9,0.0,2022,2022-09,1,火,9,exclude_thu_14h,木曜日＋14時エントリーを除外
1,監視,72.0,"MACDクロス(12,21,12)",MACDクロス,20,20,東京(9-15時),全曜日,下降のみ,ATR高,2022-09-13 11:00:00,2022-09-13 11:30:00,SELL,142.35,142.539,-20.0,損切り,158.9,178.9,-20.0,2022,2022-09,1,火,11,exclude_thu_14h,木曜日＋14時エントリーを除外
1,監視,72.0,"MACDクロス(12,21,12)",MACDクロス,20,20,東京(9-15時),全曜日,下降のみ,ATR高,2022-09-16 10:25:00,2022-09-16 10:50:00,BUY,143.043,143.252,20.0,利確,178.9,178.9,0.0,2022,2022-09,4,金,10,exclude_thu_14h,木曜日＋14時エントリーを除外
1,監視,72.0,"MACDクロス(12,21,12)",MACDクロス,20,20,東京(9-15時),全曜日,下降のみ,ATR高,2022-09-23 09:25:00,2022-09-23 09:45:00,BUY,142.37,142.235,-20.0,損切り,158.9,178.9,-20.0,2022,2022-09,4,金,9,exclude_thu_14h,木曜日＋14時エントリーを除外
1,監視,72.0,"MACDクロス(12,21,12)",MACDクロス,20,20,東京(9-15時),全曜日,下降のみ,ATR高,2022-09-23 10:50:00,2022-09-23 12:05:00,BUY,142.141,141.967,-20.0,損切り,138.9,178.9,-40.0,2022,2022-09,4,金,10,exclude_thu_14h,木曜日＋14時エントリーを除外
1,監視,72.0,"MACDクロス(12,21,12)",MACDクロス,20,20,東京(9-15時),全曜日,下降のみ,ATR高,2022-09-23 12:15:00,2022-09-23 12:30:00,SELL,141.933,142.121,-20.0,損切り,118.9,178.9,-60.0,2022,2022-09,4,金,12,exclude_thu_14h,木曜日＋14時エントリーを除外
1,監視,72.0,"MACDクロス(12,21,12)",MACDクロス,20,20,東京(9-15時),全曜日,下降のみ,ATR高,2022-10-25 09:10:00,2022-10-25 09:50:00,SELL,148.756,148.979,-20.0,損切り,98.9,178.9,-80.0,2022,2022-10,1,火,9,exclude_thu_14h,木曜日＋14時エントリーを除外
1,監視,72.0,"MACDクロス(12,21,12)",MACDクロス,20,20,東京(9-15時),全曜日,下降のみ,ATR高,2022-11-01 12:15:00,2022-11-01 14:55:00,BUY,148.287,148.103,-20.0,損切り,38.9,178.9,-140.0,2022,2022-11,1,火,12,exclude_thu_14h,木曜日＋14時エントリーを除外
1,監視,72.0,"MACDクロス(12,21,12)",MACDクロス,20,20,東京(9-15時),全曜日,下降のみ,ATR高,2022-11-02 10:45:00,2022-11-02 13:00:00,BUY,147.312,147.563,20.0,利確,58.9,178.9,-120.0,2022,2022-11,2,水,10,exclude_thu_14h,木曜日＋14時エントリーを除外
1,監視,72.0,"MACDクロス(12,21,12)",MACDクロス,20,20,東京(9-15時),全曜日,下降のみ,ATR高,2022-11-09 09:15:00,2022-11-09 09:50:00,BUY,145.463,145.687,20.0,利確,78.9,178.9,-100.0,2022,2022-11,2,水,9,exclude_thu_14h,木曜日＋14時エントリーを除外
1,監視,72.0,"MACDクロス(12,21,12)",MACDクロス,20,20,東京(9-15時),全曜日,下降のみ,ATR高,2022-11-09 12:30:00,2022-11-09 14:20:00,BUY,145.491,145.69,20.0,利確,98.9,178.9,-80.0,2022,2022-11,2,水,12,exclude_thu_14h,木曜日＋14時エントリーを除外
1,監視,72.0,"MACDクロス(12,21,12)",MACDクロス,20,20,東京(9-15時),全曜日,下降のみ,ATR高,2022-11-14 11:20:00,2022-11-14 12:05:00,BUY,139.192,139.008,-20.0,損切り,78.9,178.9,-100.0,2022,2022-11,0,月,11,exclude_thu_14h,木曜日＋14時エントリーを除外
1,監視,72.0,"MACDクロス(12,21,12)",MACDクロス,20,20,東京(9-15時),全曜日,下降のみ,ATR高,2022-11-14 12:20:00,2022-11-14 13:10:00,SELL,139.025,139.249,-20.0,損切り,58.9,178.9,-120.0,2022,2022-11,0,月,12,exclude_thu_14h,木曜日＋14時エントリーを除外
1,監視,72.0,"MACDクロス(12,21,12)",MACDクロス,20,20,東京(9-15時),全曜日,下降のみ,ATR高,2022-11-16 09:10:00,2022-11-16 09:25:00,BUY,139.077,139.263,20.0,利確,78.9,178.9,-100.0,2022,2022-11,2,水,9,exclude_thu_14h,木曜日＋14時エントリーを除外
1,監視,72.0,"MACDクロス(12,21,12)",MACDクロス,20,20,東京(9-15時),全曜日,下降のみ,ATR高,2022-12-02 11:40:00,2022-12-02 12:30:00,BUY,135.277,135.077,-20.0,損切り,18.9,178.9,-160.0,2022,2022-12,4,金,11,exclude_thu_14h,木曜日＋14時エントリーを除外
1,監視,72.0,"MACDクロス(12,21,12)",MACDクロス,20,20,東京(9-15時),全曜日,下降のみ,ATR高,2022-12-09 11:15:00,2022-12-09 11:50:00,BUY,136.291,136.069,-20.0,損切り,-1.1,178.9,-180.0,2022,2022-12,4,金,11,exclude_thu_14h,木曜日＋14時エントリーを除外
1,監視,72.0,"MACDクロス(12,21,12)",MACDクロス,20,20,東京(9-15時),全曜日,下降のみ,ATR高,2022-12-09 12:05:00,2022-12-09 14:50:00,SELL,135.907,136.142,-20.0,損切り,-21.1,178.9,-200.0,2022,2022-12,4,金,12,exclude_thu_14h,木曜日＋14時エントリーを除外
1,監視,72.0,"MACDクロス(12,21,12)",MACDクロス,20,20,東京(9-15時),全曜日,下降のみ,ATR高,2022-12-14 10:30:00,2022-12-14 14:25:00,BUY,135.603,135.383,-20.0,損切り,-41.1,178.9,-220.0,2022,2022-12,2,水,10,exclude_thu_14h,木曜日＋14時エントリーを除外
1,監視,72.0,"MACDクロス(12,21,12)",MACDクロス,20,20,東京(9-15時),全曜日,下降のみ,ATR高,2022-12-19 09:25:00,2022-12-19 09:40:00,SELL,136.194,136.034,20.0,利確,-21.1,178.9,-200.0,2022,2022-12,0,月,9,exclude_thu_14h,木曜日＋14時エントリーを除外
1,監視,72.0,"MACDクロス(12,21,12)",MACDクロス,20,20,東京(9-15時),全曜日,下降のみ,ATR高,2022-12-19 11:10:00,2022-12-19 11:10:00,BUY,136.068,136.202,20.0,利確,-1.1,178.9,-180.0,2022,2022-12,0,月,11,exclude_thu_14h,木曜日＋14時エントリーを除外
1,監視,72.0,"MACDクロス(12,21,12)",MACDクロス,20,20,東京(9-15時),全曜日,下降のみ,ATR高,2022-12-20 13:25:00,2022-12-20 13:30:00,BUY,133.232,133.5,20.0,利確,18.9,178.9,-160.0,2022,2022-12,1,火,13,exclude_thu_14h,木曜日＋14時エントリーを除外
1,監視,72.0,"MACDクロス(12,21,12)",MACDクロス,20,20,東京(9-15時),全曜日,下降のみ,ATR高,2023-01-03 11:15:00,2023-01-03 11:30:00,BUY,130.163,129.961,-20.0,損切り,-1.1,178.9,-180.0,2023,2023-01,1,火,11,exclude_thu_14h,木曜日＋14時エントリーを除外
1,監視,72.0,"MACDクロス(12,21,12)",MACDクロス,20,20,東京(9-15時),全曜日,下降のみ,ATR高,2023-01-03 11:40:00,2023-01-03 13:10:00,SELL,129.855,129.547,20.0,利確,18.9,178.9,-160.0,2023,2023-01,1,火,11,exclude_thu_14h,木曜日＋14時エントリーを除外
1,監視,72.0,"MACDクロス(12,21,12)",MACDクロス,20,20,東京(9-15時),全曜日,下降のみ,ATR高,2023-01-09 09:30:00,2023-01-09 10:00:00,BUY,132.001,131.8,-20.0,損切り,-1.1,178.9,-180.0,2023,2023-01,0,月,9,exclude_thu_14h,木曜日＋14時エントリーを除外
1,監視,72.0,"MACDクロス(12,21,12)",MACDクロス,20,20,東京(9-15時),全曜日,下降のみ,ATR高,2023-01-09 10:05:00,2023-01-09 10:20:00,SELL,131.798,131.935,-20.0,損切り,-21.1,178.9,-200.0,2023,2023-01,0,月,10,exclude_thu_14h,木曜日＋14時エントリーを除外
1,監視,72.0,"MACDクロス(12,21,12)",MACDクロス,20,20,東京(9-15時),全曜日,下降のみ,ATR高,2023-01-09 10:25:00,2023-01-09 10:35:00,BUY,131.934,131.777,-20.0,損切り,-41.1,178.9,-220.0,2023,2023-01,0,月,10,exclude_thu_14h,木曜日＋14時エントリーを除外
1,監視,72.0,"MACDクロス(12,21,12)",MACDクロス,20,20,東京(9-15時),全曜日,下降のみ,ATR高,2023-01-09 12:20:00,2023-01-09 14:00:00,BUY,131.532,131.757,20.0,利確,-21.1,178.9,-200.0,2023,2023-01,0,月,12,exclude_thu_14h,木曜日＋14時エントリーを除外
1,監視,72.0,"MACDクロス(12,21,12)",MACDクロス,20,20,東京(9-15時),全曜日,下降のみ,ATR高,2023-01-10 11:15:00,2023-01-10 11:40:00,BUY,131.625,131.829,20.0,利確,-1.1,178.9,-180.0,2023,2023-01,1,火,11,exclude_thu_14h,木曜日＋14時エントリーを除外
1,監視,72.0,"MACDクロス(12,21,12)",MACDクロス,20,20,東京(9-15時),全曜日,下降のみ,ATR高,2023-01-13 09:50:00,2023-01-13 10:20:00,BUY,129.19,128.956,-20.0,損切り,18.9,178.9,-160.0,2023,2023-01,4,金,9,exclude_thu_14h,木曜日＋14時エントリーを除外
1,監視,72.0,"MACDクロス(12,21,12)",MACDクロス,20,20,東京(9-15時),全曜日,下降のみ,ATR高,2023-01-13 10:30:00,2023-01-13 11:10:00,SELL,128.878,129.094,-20.0,損切り,-1.1,178.9,-180.0,2023,2023-01,4,金,10,exclude_thu_14h,木曜日＋14時エントリーを除外
1,監視,72.0,"MACDクロス(12,21,12)",MACDクロス,20,20,東京(9-15時),全曜日,下降のみ,ATR高,2023-01-13 11:15:00,2023-01-13 14:30:00,BUY,129.095,129.217,20.0,利確,18.9,178.9,-160.0,2023,2023-01,4,金,11,exclude_thu_14h,木曜日＋14時エントリーを除外
1,監視,72.0,"MACDクロス(12,21,12)",MACDクロス,20,20,東京(9-15時),全曜日,下降のみ,ATR高,2023-01-16 12:15:00,2023-01-16 13:55:00,BUY,127.458,127.667,20.0,利確,38.9,178.9,-140.0,2023,2023-01,0,月,12,exclude_thu_14h,木曜日＋14時エントリーを除外
1,監視,72.0,"MACDクロス(12,21,12)",MACDクロス,20,20,東京(9-15時),全曜日,下降のみ,ATR高,2023-02-24 09:55:00,2023-02-24 09:55:00,SELL,134.129,134.336,-20.0,損切り,98.9,178.9,-80.0,2023,2023-02,4,金,9,exclude_thu_14h,木曜日＋14時エントリーを除外
1,監視,72.0,"MACDクロス(12,21,12)",MACDクロス,20,20,東京(9-15時),全曜日,下降のみ,ATR高,2023-02-24 10:20:00,2023-02-24 10:20:00,BUY,134.557,134.453,-20.0,損切り,78.9,178.9,-100.0,2023,2023-02,4,金,10,exclude_thu_14h,木曜日＋14時エントリーを除外
1,監視,72.0,"MACDクロス(12,21,12)",MACDクロス,20,20,東京(9-15時),全曜日,下降のみ,ATR高,2023-03-10 10:40:00,2023-03-10 11:30:00,BUY,135.97,136.887,20.0,利確,98.9,178.9,-80.0,2023,2023-03,4,金,10,exclude_thu_14h,木曜日＋14時エントリーを除外
1,監視,72.0,"MACDクロス(12,21,12)",MACDクロス,20,20,東京(9-15時),全曜日,下降のみ,ATR高,2023-03-13 10:30:00,2023-03-13 10:50:00,BUY,134.575,134.8,20.0,利確,118.9,178.9,-60.0,2023,2023-03,0,月,10,exclude_thu_14h,木曜日＋14時エントリーを除外
1,監視,72.0,"MACDクロス(12,21,12)",MACDクロス,20,20,東京(9-15時),全曜日,下降のみ,ATR高,2023-03-13 12:35:00,2023-03-13 13:05:00,BUY,133.953,134.107,20.0,利確,138.9,178.9,-40.0,2023,2023-03,0,月,12,exclude_thu_14h,木曜日＋14時エントリーを除外
1,監視,72.0,"MACDクロス(12,21,12)",MACDクロス,20,20,東京(9-15時),全曜日,下降のみ,ATR高,2023-03-14 09:50:00,2023-03-14 09:55:00,SELL,133.087,133.236,-20.0,損切り,118.9,178.9,-60.0,2023,2023-03,1,火,9,exclude_thu_14h,木曜日＋14時エントリーを除外
1,監視,72.0,"MACDクロス(12,21,12)",MACDクロス,20,20,東京(9-15時),全曜日,下降のみ,ATR高,2023-03-14 10:05:00,2023-03-14 10:15:00,BUY,133.31,133.45,20.0,利確,138.9,178.9,-40.0,2023,2023-03,1,火,10,exclude_thu_14h,木曜日＋14時エントリーを除外
1,監視,72.0,"MACDクロス(12,21,12)",MACDクロス,20,20,東京(9-15時),全曜日,下降のみ,ATR高,2023-03-20 13:05:00,2023-03-20 13:30:00,BUY,132.07,131.836,-20.0,損切り,118.9,178.9,-60.0,2023,2023-03,0,月,13,exclude_thu_14h,木曜日＋14時エントリーを除外
1,監視,72.0,"MACDクロス(12,21,12)",MACDクロス,20,20,東京(9-15時),全曜日,下降のみ,ATR高,2023-03-20 13:35:00,2023-03-20 15:20:00,SELL,131.836,131.562,20.0,利確,138.9,178.9,-40.0,2023,2023-03,0,月,13,exclude_thu_14h,木曜日＋14時エントリーを除外
1,監視,72.0,"MACDクロス(12,21,12)",MACDクロス,20,20,東京(9-15時),全曜日,下降のみ,ATR高,2023-03-21 09:40:00,2023-03-21 15:15:00,SELL,131.217,131.401,-20.0,損切り,118.9,178.9,-60.0,2023,2023-03,1,火,9,exclude_thu_14h,木曜日＋14時エントリーを除外
1,監視,72.0,"MACDクロス(12,21,12)",MACDクロス,20,20,東京(9-15時),全曜日,下降のみ,ATR高,2023-03-24 10:50:00,2023-03-24 12:50:00,BUY,130.512,130.28,-20.0,損切り,118.9,178.9,-60.0,2023,2023-03,4,金,10,exclude_thu_14h,木曜日＋14時エントリーを除外
1,監視,72.0,"MACDクロス(12,21,12)",MACDクロス,20,20,東京(9-15時),全曜日,下降のみ,ATR高,2023-04-26 09:55:00,2023-04-26 10:40:00,BUY,133.739,133.554,-20.0,損切り,98.9,178.9,-80.0,2023,2023-04,2,水,9,exclude_thu_14h,木曜日＋14時エントリーを除外
1,監視,72.0,"MACDクロス(12,21,12)",MACDクロス,20,20,東京(9-15時),全曜日,下降のみ,ATR高,2023-04-26 10:45:00,2023-04-26 15:30:00,SELL,133.554,133.744,-20.0,損切り,78.9,178.9,-100.0,2023,2023-04,2,水,10,exclude_thu_14h,木曜日＋14時エントリーを除外
1,監視,72.0,"MACDクロス(12,21,12)",MACDクロス,20,20,東京(9-15時),全曜日,下降のみ,ATR高,2023-05-30 11:15:00,2023-05-30 12:35:00,BUY,140.036,140.212,20.0,利確,78.9,178.9,-100.0,2023,2023-05,1,火,11,exclude_thu_14h,木曜日＋14時エントリーを除外
1,監視,72.0,"MACDクロス(12,21,12)",MACDクロス,20,20,東京(9-15時),全曜日,下降のみ,ATR高,2023-05-31 10:35:00,2023-05-31 14:20:00,BUY,139.837,139.654,-20.0,損切り,58.9,178.9,-120.0,2023,2023-05,2,水,10,exclude_thu_14h,木曜日＋14時エントリーを除外
1,監視,72.0,"MACDクロス(12,21,12)",MACDクロス,20,20,東京(9-15時),全曜日,下降のみ,ATR高,2023-06-16 11:20:00,2023-06-16 11:45:00,BUY,140.066,140.555,20.0,利確,58.9,178.9,-120.0,2023,2023-06,4,金,11,exclude_thu_14h,木曜日＋14時エントリーを除外
1,監視,72.0,"MACDクロス(12,21,12)",MACDクロス,20,20,東京(9-15時),全曜日,下降のみ,ATR高,2023-07-11 12:35:00,2023-07-11 13:40:00,BUY,140.803,140.706,-20.0,損切り,38.9,178.9,-140.0,2023,2023-07,1,火,12,exclude_thu_14h,木曜日＋14時エントリーを除外
1,監視,72.0,"MACDクロス(12,21,12)",MACDクロス,20,20,東京(9-15時),全曜日,下降のみ,ATR高,2023-07-12 10:50:00,2023-07-12 11:10:00,BUY,139.49,139.722,20.0,利確,58.9,178.9,-120.0,2023,2023-07,2,水,10,exclude_thu_14h,木曜日＋14時エントリーを除外
1,監視,72.0,"MACDクロス(12,21,12)",MACDクロス,20,20,東京(9-15時),全曜日,下降のみ,ATR高,2023-07-12 13:45:00,2023-07-12 15:25:00,SELL,139.516,139.362,20.0,利確,78.9,178.9,-100.0,2023,2023-07,2,水,13,exclude_thu_14h,木曜日＋14時エントリーを除外
1,監視,72.0,"MACDクロス(12,21,12)",MACDクロス,20,20,東京(9-15時),全曜日,下降のみ,ATR高,2023-07-14 09:45:00,2023-07-14 09:55:00,BUY,137.983,137.681,-20.0,損切り,78.9,178.9,-100.0,2023,2023-07,4,金,9,exclude_thu_14h,木曜日＋14時エントリーを除外
1,監視,72.0,"MACDクロス(12,21,12)",MACDクロス,20,20,東京(9-15時),全曜日,下降のみ,ATR高,2023-07-14 10:00:00,2023-07-14 10:35:00,SELL,137.68,137.328,20.0,利確,98.9,178.9,-80.0,2023,2023-07,4,金,10,exclude_thu_14h,木曜日＋14時エントリーを除外
1,監視,72.0,"MACDクロス(12,21,12)",MACDクロス,20,20,東京(9-15時),全曜日,下降のみ,ATR高,2023-07-14 11:20:00,2023-07-14 13:45:00,BUY,137.492,137.694,20.0,利確,118.9,178.9,-60.0,2023,2023-07,4,金,11,exclude_thu_14h,木曜日＋14時エントリーを除外
1,監視,72.0,"MACDクロス(12,21,12)",MACDクロス,20,20,東京(9-15時),全曜日,下降のみ,ATR高,2023-07-28 09:15:00,2023-07-28 09:45:00,BUY,139.138,139.355,20.0,利確,178.9,178.9,0.0,2023,2023-07,4,金,9,exclude_thu_14h,木曜日＋14時エントリーを除外
1,監視,72.0,"MACDクロス(12,21,12)",MACDクロス,20,20,東京(9-15時),全曜日,下降のみ,ATR高,2023-08-07 10:15:00,2023-08-07 12:35:00,BUY,141.904,142.106,20.0,利確,218.9,218.9,0.0,2023,2023-08,0,月,10,exclude_thu_14h,木曜日＋14時エントリーを除外
1,監視,72.0,"MACDクロス(12,21,12)",MACDクロス,20,20,東京(9-15時),全曜日,下降のみ,ATR高,2023-09-01 11:05:00,2023-09-01 20:55:00,BUY,145.446,145.228,-20.0,損切り,198.9,218.9,-20.0,2023,2023-09,4,金,11,exclude_thu_14h,木曜日＋14時エントリーを除外
1,監視,72.0,"MACDクロス(12,21,12)",MACDクロス,20,20,東京(9-15時),全曜日,下降のみ,ATR高,2023-09-08 10:20:00,2023-09-08 16:20:00,BUY,147.152,147.365,20.0,利確,218.9,218.9,0.0,2023,2023-09,4,金,10,exclude_thu_14h,木曜日＋14時エントリーを除外
1,監視,72.0,"MACDクロス(12,21,12)",MACDクロス,20,20,東京(9-15時),全曜日,下降のみ,ATR高,2023-09-11 09:05:00,2023-09-11 11:25:00,SELL,146.913,146.71,20.0,利確,238.9,238.9,0.0,2023,2023-09,0,月,9,exclude_thu_14h,木曜日＋14時エントリーを除外
1,監視,72.0,"MACDクロス(12,21,12)",MACDクロス,20,20,東京(9-15時),全曜日,下降のみ,ATR高,2023-09-11 13:00:00,2023-09-11 13:00:00,BUY,146.458,146.623,20.0,利確,258.9,258.9,0.0,2023,2023-09,0,月,13,exclude_thu_14h,木曜日＋14時エントリーを除外
1,監視,72.0,"MACDクロス(12,21,12)",MACDクロス,20,20,東京(9-15時),全曜日,下降のみ,ATR高,2023-09-11 13:30:00,2023-09-11 14:05:00,SELL,146.269,146.03,20.0,利確,278.9,278.9,0.0,2023,2023-09,0,月,13,exclude_thu_14h,木曜日＋14時エントリーを除外
1,監視,72.0,"MACDクロス(12,21,12)",MACDクロス,20,20,東京(9-15時),全曜日,下降のみ,ATR高,2023-10-10 09:25:00,2023-10-10 13:20:00,BUY,148.487,148.688,20.0,利確,298.9,298.9,0.0,2023,2023-10,1,火,9,exclude_thu_14h,木曜日＋14時エントリーを除外
1,監視,72.0,"MACDクロス(12,21,12)",MACDクロス,20,20,東京(9-15時),全曜日,下降のみ,ATR高,2023-11-17 12:15:00,2023-11-17 17:25:00,BUY,150.51,150.269,-20.0,損切り,258.9,318.9,-60.0,2023,2023-11,4,金,12,exclude_thu_14h,木曜日＋14時エントリーを除外
1,監視,72.0,"MACDクロス(12,21,12)",MACDクロス,20,20,東京(9-15時),全曜日,下降のみ,ATR高,2023-11-20 12:25:00,2023-11-20 12:45:00,BUY,149.073,148.882,-20.0,損切り,238.9,318.9,-80.0,2023,2023-11,0,月,12,exclude_thu_14h,木曜日＋14時エントリーを除外
1,監視,72.0,"MACDクロス(12,21,12)",MACDクロス,20,20,東京(9-15時),全曜日,下降のみ,ATR高,2023-11-20 13:20:00,2023-11-20 13:40:00,SELL,148.735,148.918,-20.0,損切り,218.9,318.9,-100.0,2023,2023-11,0,月,13,exclude_thu_14h,木曜日＋14時エントリーを除外
1,監視,72.0,"MACDクロス(12,21,12)",MACDクロス,20,20,東京(9-15時),全曜日,下降のみ,ATR高,2023-11-21 09:40:00,2023-11-21 09:50:00,SELL,148.27,148.116,20.0,利確,238.9,318.9,-80.0,2023,2023-11,1,火,9,exclude_thu_14h,木曜日＋14時エントリーを除外
1,監視,72.0,"MACDクロス(12,21,12)",MACDクロス,20,20,東京(9-15時),全曜日,下降のみ,ATR高,2023-11-21 11:10:00,2023-11-21 11:15:00,BUY,148.062,147.862,-20.0,損切り,218.9,318.9,-100.0,2023,2023-11,1,火,11,exclude_thu_14h,木曜日＋14時エントリーを除外
1,監視,72.0,"MACDクロス(12,21,12)",MACDクロス,20,20,東京(9-15時),全曜日,下降のみ,ATR高,2023-11-21 13:25:00,2023-11-21 14:40:00,BUY,147.413,147.622,20.0,利確,238.9,318.9,-80.0,2023,2023-11,1,火,13,exclude_thu_14h,木曜日＋14時エントリーを除外
1,監視,72.0,"MACDクロス(12,21,12)",MACDクロス,20,20,東京(9-15時),全曜日,下降のみ,ATR高,2023-11-27 11:20:00,2023-11-27 12:00:00,BUY,149.257,149.065,-20.0,損切り,218.9,318.9,-100.0,2023,2023-11,0,月,11,exclude_thu_14h,木曜日＋14時エントリーを除外
1,監視,72.0,"MACDクロス(12,21,12)",MACDクロス,20,20,東京(9-15時),全曜日,下降のみ,ATR高,2023-11-27 12:15:00,2023-11-27 16:10:00,SELL,149.03,148.795,20.0,利確,238.9,318.9,-80.0,2023,2023-11,0,月,12,exclude_thu_14h,木曜日＋14時エントリーを除外
1,監視,72.0,"MACDクロス(12,21,12)",MACDクロス,20,20,東京(9-15時),全曜日,下降のみ,ATR高,2023-11-28 10:20:00,2023-11-28 10:25:00,BUY,148.132,148.331,20.0,利確,258.9,318.9,-60.0,2023,2023-11,1,火,10,exclude_thu_14h,木曜日＋14時エントリーを除外
1,監視,72.0,"MACDクロス(12,21,12)",MACDクロス,20,20,東京(9-15時),全曜日,下降のみ,ATR高,2023-11-28 11:35:00,2023-11-28 12:40:00,SELL,148.034,148.267,-20.0,損切り,238.9,318.9,-80.0,2023,2023-11,1,火,11,exclude_thu_14h,木曜日＋14時エントリーを除外
1,監視,72.0,"MACDクロス(12,21,12)",MACDクロス,20,20,東京(9-15時),全曜日,下降のみ,ATR高,2023-11-29 09:10:00,2023-11-29 09:40:00,BUY,147.175,146.866,-20.0,損切り,218.9,318.9,-100.0,2023,2023-11,2,水,9,exclude_thu_14h,木曜日＋14時エントリーを除外
1,監視,72.0,"MACDクロス(12,21,12)",MACDクロス,20,20,東京(9-15時),全曜日,下降のみ,ATR高,2023-11-29 09:45:00,2023-11-29 11:40:00,SELL,146.868,147.067,-20.0,損切り,198.9,318.9,-120.0,2023,2023-11,2,水,9,exclude_thu_14h,木曜日＋14時エントリーを除外
1,監視,72.0,"MACDクロス(12,21,12)",MACDクロス,20,20,東京(9-15時),全曜日,下降のみ,ATR高,2023-12-04 09:10:00,2023-12-04 10:05:00,BUY,146.409,146.566,20.0,利確,178.9,318.9,-140.0,2023,2023-12,0,月,9,exclude_thu_14h,木曜日＋14時エントリーを除外
1,監視,72.0,"MACDクロス(12,21,12)",MACDクロス,20,20,東京(9-15時),全曜日,下降のみ,ATR高,2023-12-04 11:30:00,2023-12-04 13:00:00,SELL,146.554,146.819,-20.0,損切り,158.9,318.9,-160.0,2023,2023-12,0,月,11,exclude_thu_14h,木曜日＋14時エントリーを除外
1,監視,72.0,"MACDクロス(12,21,12)",MACDクロス,20,20,東京(9-15時),全曜日,下降のみ,ATR高,2023-12-08 10:35:00,2023-12-08 10:35:00,BUY,143.298,143.595,20.0,利確,178.9,318.9,-140.0,2023,2023-12,4,金,10,exclude_thu_14h,木曜日＋14時エントリーを除外
1,監視,72.0,"MACDクロス(12,21,12)",MACDクロス,20,20,東京(9-15時),全曜日,下降のみ,ATR高,2023-12-12 10:50:00,2023-12-12 12:55:00,BUY,145.767,145.596,-20.0,損切り,158.9,318.9,-160.0,2023,2023-12,1,火,10,exclude_thu_14h,木曜日＋14時エントリーを除外
1,監視,72.0,"MACDクロス(12,21,12)",MACDクロス,20,20,東京(9-15時),全曜日,下降のみ,ATR高,2023-12-19 09:55:00,2023-12-19 10:00:00,BUY,142.646,142.52,-20.0,損切り,198.9,318.9,-120.0,2023,2023-12,1,火,9,exclude_thu_14h,木曜日＋14時エントリーを除外
1,監視,72.0,"MACDクロス(12,21,12)",MACDクロス,20,20,東京(9-15時),全曜日,下降のみ,ATR高,2023-12-22 09:55:00,2023-12-22 11:20:00,BUY,142.22,142.454,20.0,利確,218.9,318.9,-100.0,2023,2023-12,4,金,9,exclude_thu_14h,木曜日＋14時エントリーを除外
1,監視,72.0,"MACDクロス(12,21,12)",MACDクロス,20,20,東京(9-15時),全曜日,下降のみ,ATR高,2024-01-09 11:30:00,2024-01-09 14:35:00,BUY,143.575,143.777,20.0,利確,238.9,318.9,-80.0,2024,2024-01,1,火,11,exclude_thu_14h,木曜日＋14時エントリーを除外
1,監視,72.0,"MACDクロス(12,21,12)",MACDクロス,20,20,東京(9-15時),全曜日,下降のみ,ATR高,2024-01-12 10:40:00,2024-01-12 12:05:00,SELL,145.158,144.86,20.0,利確,258.9,318.9,-60.0,2024,2024-01,4,金,10,exclude_thu_14h,木曜日＋14時エントリーを除外
1,監視,72.0,"MACDクロス(12,21,12)",MACDクロス,20,20,東京(9-15時),全曜日,下降のみ,ATR高,2024-03-04 10:10:00,2024-03-04 14:45:00,BUY,150.094,150.309,20.0,利確,278.9,318.9,-40.0,2024,2024-03,0,月,10,exclude_thu_14h,木曜日＋14時エントリーを除外
1,監視,72.0,"MACDクロス(12,21,12)",MACDクロス,20,20,東京(9-15時),全曜日,下降のみ,ATR高,2024-03-06 10:30:00,2024-03-06 14:35:00,BUY,150.016,149.823,-20.0,損切り,258.9,318.9,-60.0,2024,2024-03,2,水,10,exclude_thu_14h,木曜日＋14時エントリーを除外
1,監視,72.0,"MACDクロス(12,21,12)",MACDクロス,20,20,東京(9-15時),全曜日,下降のみ,ATR高,2024-03-08 09:10:00,2024-03-08 09:35:00,SELL,147.726,147.579,20.0,利確,258.9,318.9,-60.0,2024,2024-03,4,金,9,exclude_thu_14h,木曜日＋14時エントリーを除外
1,監視,72.0,"MACDクロス(12,21,12)",MACDクロス,20,20,東京(9-15時),全曜日,下降のみ,ATR高,2024-03-08 10:00:00,2024-03-08 10:20:00,BUY,147.748,147.936,20.0,利確,278.9,318.9,-40.0,2024,2024-03,4,金,10,exclude_thu_14h,木曜日＋14時エントリーを除外
1,監視,72.0,"MACDクロス(12,21,12)",MACDクロス,20,20,東京(9-15時),全曜日,下降のみ,ATR高,2024-03-08 13:45:00,2024-03-08 18:10:00,BUY,147.89,147.666,-20.0,損切り,258.9,318.9,-60.0,2024,2024-03,4,金,13,exclude_thu_14h,木曜日＋14時エントリーを除外
1,監視,72.0,"MACDクロス(12,21,12)",MACDクロス,20,20,東京(9-15時),全曜日,下降のみ,ATR高,2024-03-11 09:15:00,2024-03-11 10:05:00,BUY,146.858,146.615,-20.0,損切り,238.9,318.9,-80.0,2024,2024-03,0,月,9,exclude_thu_14h,木曜日＋14時エントリーを除外
1,監視,72.0,"MACDクロス(12,21,12)",MACDクロス,20,20,東京(9-15時),全曜日,下降のみ,ATR高,2024-03-11 10:10:00,2024-03-11 10:45:00,SELL,146.614,146.81,-20.0,損切り,218.9,318.9,-100.0,2024,2024-03,0,月,10,exclude_thu_14h,木曜日＋14時エントリーを除外
1,監視,72.0,"MACDクロス(12,21,12)",MACDクロス,20,20,東京(9-15時),全曜日,下降のみ,ATR高,2024-03-12 09:35:00,2024-03-12 10:15:00,BUY,146.789,146.99,20.0,利確,238.9,318.9,-80.0,2024,2024-03,1,火,9,exclude_thu_14h,木曜日＋14時エントリーを除外
1,監視,72.0,"MACDクロス(12,21,12)",MACDクロス,20,20,東京(9-15時),全曜日,下降のみ,ATR高,2024-03-13 10:50:00,2024-03-13 13:45:00,BUY,147.339,147.539,20.0,利確,258.9,318.9,-60.0,2024,2024-03,2,水,10,exclude_thu_14h,木曜日＋14時エントリーを除外
1,監視,72.0,"MACDクロス(12,21,12)",MACDクロス,20,20,東京(9-15時),全曜日,下降のみ,ATR高,2024-03-25 10:10:00,2024-03-25 23:55:00,SELL,151.252,151.36,-11.2,日終わり決済,187.7,318.9,-131.2,2024,2024-03,0,月,10,exclude_thu_14h,木曜日＋14時エントリーを除外
1,監視,72.0,"MACDクロス(12,21,12)",MACDクロス,20,20,東京(9-15時),全曜日,下降のみ,ATR高,2024-04-05 09:15:00,2024-04-05 09:15:00,SELL,151.034,151.019,20.0,利確,207.7,318.9,-111.2,2024,2024-04,4,金,9,exclude_thu_14h,木曜日＋14時エントリーを除外
1,監視,72.0,"MACDクロス(12,21,12)",MACDクロス,20,20,東京(9-15時),全曜日,下降のみ,ATR高,2024-04-05 10:35:00,2024-04-05 11:35:00,BUY,150.995,151.19,20.0,利確,227.7,318.9,-91.2,2024,2024-04,4,金,10,exclude_thu_14h,木曜日＋14時エントリーを除外
1,監視,72.0,"MACDクロス(12,21,12)",MACDクロス,20,20,東京(9-15時),全曜日,下降のみ,ATR高,2024-04-19 12:05:00,2024-04-19 12:25:00,BUY,154.057,154.326,20.0,利確,267.7,318.9,-51.2,2024,2024-04,4,金,12,exclude_thu_14h,木曜日＋14時エントリーを除外
1,監視,72.0,"MACDクロス(12,21,12)",MACDクロス,20,20,東京(9-15時),全曜日,下降のみ,ATR高,2024-05-03 09:15:00,2024-05-03 09:25:00,BUY,153.154,153.339,20.0,利確,267.7,318.9,-51.2,2024,2024-05,4,金,9,exclude_thu_14h,木曜日＋14時エントリーを除外
1,監視,72.0,"MACDクロス(12,21,12)",MACDクロス,20,20,東京(9-15時),全曜日,下降のみ,ATR高,2024-05-03 10:25:00,2024-05-03 10:30:00,SELL,153.095,152.817,20.0,利確,287.7,318.9,-31.2,2024,2024-05,4,金,10,exclude_thu_14h,木曜日＋14時エントリーを除外
1,監視,72.0,"MACDクロス(12,21,12)",MACDクロス,20,20,東京(9-15時),全曜日,下降のみ,ATR高,2024-05-03 11:25:00,2024-05-03 15:55:00,BUY,153.004,153.286,20.0,利確,307.7,318.9,-11.2,2024,2024-05,4,金,11,exclude_thu_14h,木曜日＋14時エントリーを除外
1,監視,72.0,"MACDクロス(12,21,12)",MACDクロス,20,20,東京(9-15時),全曜日,下降のみ,ATR高,2024-05-31 11:35:00,2024-05-31 15:05:00,BUY,156.693,156.9,20.0,利確,327.7,327.7,0.0,2024,2024-05,4,金,11,exclude_thu_14h,木曜日＋14時エントリーを除外
1,監視,72.0,"MACDクロス(12,21,12)",MACDクロス,20,20,東京(9-15時),全曜日,下降のみ,ATR高,2024-06-04 09:25:00,2024-06-04 09:50:00,BUY,156.18,156.405,20.0,利確,347.7,347.7,0.0,2024,2024-06,1,火,9,exclude_thu_14h,木曜日＋14時エントリーを除外
1,監視,72.0,"MACDクロス(12,21,12)",MACDクロス,20,20,東京(9-15時),全曜日,下降のみ,ATR高,2024-06-12 11:10:00,2024-06-12 16:15:00,BUY,157.143,157.337,20.0,利確,327.7,347.7,-20.0,2024,2024-06,2,水,11,exclude_thu_14h,木曜日＋14時エントリーを除外
1,監視,72.0,"MACDクロス(12,21,12)",MACDクロス,20,20,東京(9-15時),全曜日,下降のみ,ATR高,2024-06-25 10:45:00,2024-06-25 21:50:00,BUY,159.461,159.658,20.0,利確,347.7,347.7,0.0,2024,2024-06,1,火,10,exclude_thu_14h,木曜日＋14時エントリーを除外
1,監視,72.0,"MACDクロス(12,21,12)",MACDクロス,20,20,東京(9-15時),全曜日,下降のみ,ATR高,2024-07-05 10:45:00,2024-07-05 12:05:00,BUY,161.014,160.808,-20.0,損切り,307.7,347.7,-40.0,2024,2024-07,4,金,10,exclude_thu_14h,木曜日＋14時エントリーを除外
1,監視,72.0,"MACDクロス(12,21,12)",MACDクロス,20,20,東京(9-15時),全曜日,下降のみ,ATR高,2024-07-05 12:10:00,2024-07-05 12:20:00,SELL,160.807,160.619,20.0,利確,327.7,347.7,-20.0,2024,2024-07,4,金,12,exclude_thu_14h,木曜日＋14時エントリーを除外
1,監視,72.0,"MACDクロス(12,21,12)",MACDクロス,20,20,東京(9-15時),全曜日,下降のみ,ATR高,2024-07-05 13:20:00,2024-07-05 16:40:00,BUY,160.63,160.821,20.0,利確,347.7,347.7,0.0,2024,2024-07,4,金,13,exclude_thu_14h,木曜日＋14時エントリーを除外
1,監視,72.0,"MACDクロス(12,21,12)",MACDクロス,20,20,東京(9-15時),全曜日,下降のみ,ATR高,2024-07-08 09:45:00,2024-07-08 10:30:00,BUY,160.706,160.504,-20.0,損切り,327.7,347.7,-20.0,2024,2024-07,0,月,9,exclude_thu_14h,木曜日＋14時エントリーを除外
1,監視,72.0,"MACDクロス(12,21,12)",MACDクロス,20,20,東京(9-15時),全曜日,下降のみ,ATR高,2024-07-08 10:35:00,2024-07-08 11:15:00,SELL,160.505,160.392,20.0,利確,347.7,347.7,0.0,2024,2024-07,0,月,10,exclude_thu_14h,木曜日＋14時エントリーを除外
1,監視,72.0,"MACDクロス(12,21,12)",MACDクロス,20,20,東京(9-15時),全曜日,下降のみ,ATR高,2024-07-08 12:05:00,2024-07-08 14:25:00,BUY,160.416,160.605,20.0,利確,367.7,367.7,0.0,2024,2024-07,0,月,12,exclude_thu_14h,木曜日＋14時エントリーを除外
1,監視,72.0,"MACDクロス(12,21,12)",MACDクロス,20,20,東京(9-15時),全曜日,下降のみ,ATR高,2024-07-12 09:35:00,2024-07-12 10:00:00,BUY,158.958,159.118,20.0,利確,387.7,387.7,0.0,2024,2024-07,4,金,9,exclude_thu_14h,木曜日＋14時エントリーを除外
1,監視,72.0,"MACDクロス(12,21,12)",MACDクロス,20,20,東京(9-15時),全曜日,下降のみ,ATR高,2024-07-15 11:20:00,2024-07-15 14:15:00,BUY,158.103,157.893,-20.0,損切り,367.7,387.7,-20.0,2024,2024-07,0,月,11,exclude_thu_14h,木曜日＋14時エントリーを除外
1,監視,72.0,"MACDクロス(12,21,12)",MACDクロス,20,20,東京(9-15時),全曜日,下降のみ,ATR高,2024-07-23 10:25:00,2024-07-23 11:35:00,BUY,156.746,156.548,-20.0,損切り,367.7,387.7,-20.0,2024,2024-07,1,火,10,exclude_thu_14h,木曜日＋14時エントリーを除外
1,監視,72.0,"MACDクロス(12,21,12)",MACDクロス,20,20,東京(9-15時),全曜日,下降のみ,ATR高,2024-07-23 11:40:00,2024-07-23 12:30:00,SELL,156.549,156.386,20.0,利確,387.7,387.7,0.0,2024,2024-07,1,火,11,exclude_thu_14h,木曜日＋14時エントリーを除外
1,監視,72.0,"MACDクロス(12,21,12)",MACDクロス,20,20,東京(9-15時),全曜日,下降のみ,ATR高,2024-07-23 13:30:00,2024-07-23 15:10:00,BUY,156.29,156.517,20.0,利確,407.7,407.7,0.0,2024,2024-07,1,火,13,exclude_thu_14h,木曜日＋14時エントリーを除外
1,監視,72.0,"MACDクロス(12,21,12)",MACDクロス,20,20,東京(9-15時),全曜日,下降のみ,ATR高,2024-07-24 11:30:00,2024-07-24 12:00:00,BUY,155.418,155.158,-20.0,損切り,387.7,407.7,-20.0,2024,2024-07,2,水,11,exclude_thu_14h,木曜日＋14時エントリーを除外
1,監視,72.0,"MACDクロス(12,21,12)",MACDクロス,20,20,東京(9-15時),全曜日,下降のみ,ATR高,2024-07-24 12:10:00,2024-07-24 13:00:00,SELL,155.21,154.905,20.0,利確,407.7,407.7,0.0,2024,2024-07,2,水,12,exclude_thu_14h,木曜日＋14時エントリーを除外
1,監視,72.0,"MACDクロス(12,21,12)",MACDクロス,20,20,東京(9-15時),全曜日,下降のみ,ATR高,2024-07-29 11:50:00,2024-07-29 12:20:00,BUY,153.292,153.546,20.0,利確,447.7,447.7,0.0,2024,2024-07,0,月,11,exclude_thu_14h,木曜日＋14時エントリーを除外
1,監視,72.0,"MACDクロス(12,21,12)",MACDクロス,20,20,東京(9-15時),全曜日,下降のみ,ATR高,2024-07-29 13:45:00,2024-07-29 14:30:00,SELL,153.414,153.557,-20.0,損切り,427.7,447.7,-20.0,2024,2024-07,0,月,13,exclude_thu_14h,木曜日＋14時エントリーを除外
1,監視,72.0,"MACDクロス(12,21,12)",MACDクロス,20,20,東京(9-15時),全曜日,下降のみ,ATR高,2024-07-31 10:30:00,2024-07-31 10:50:00,BUY,152.327,152.47,20.0,利確,447.7,447.7,0.0,2024,2024-07,2,水,10,exclude_thu_14h,木曜日＋14時エントリーを除外
1,監視,72.0,"MACDクロス(12,21,12)",MACDクロス,20,20,東京(9-15時),全曜日,下降のみ,ATR高,2024-08-02 09:00:00,2024-08-02 09:15:00,BUY,149.205,148.977,-20.0,損切り,447.7,467.7,-20.0,2024,2024-08,4,金,9,exclude_thu_14h,木曜日＋14時エントリーを除外
1,監視,72.0,"MACDクロス(12,21,12)",MACDクロス,20,20,東京(9-15時),全曜日,下降のみ,ATR高,2024-08-05 10:00:00,2024-08-05 10:00:00,BUY,145.512,145.265,-20.0,損切り,427.7,467.7,-40.0,2024,2024-08,0,月,10,exclude_thu_14h,木曜日＋14時エントリーを除外
1,監視,72.0,"MACDクロス(12,21,12)",MACDクロス,20,20,東京(9-15時),全曜日,下降のみ,ATR高,2024-08-05 10:10:00,2024-08-05 10:15:00,SELL,144.978,145.015,20.0,利確,447.7,467.7,-20.0,2024,2024-08,0,月,10,exclude_thu_14h,木曜日＋14時エントリーを除外
1,監視,72.0,"MACDクロス(12,21,12)",MACDクロス,20,20,東京(9-15時),全曜日,下降のみ,ATR高,2024-08-05 10:35:00,2024-08-05 10:40:00,BUY,145.258,144.97,-20.0,損切り,427.7,467.7,-40.0,2024,2024-08,0,月,10,exclude_thu_14h,木曜日＋14時エントリーを除外
1,監視,72.0,"MACDクロス(12,21,12)",MACDクロス,20,20,東京(9-15時),全曜日,下降のみ,ATR高,2024-08-05 12:15:00,2024-08-05 12:40:00,SELL,144.969,144.81,20.0,利確,447.7,467.7,-20.0,2024,2024-08,0,月,12,exclude_thu_14h,木曜日＋14時エントリーを除外
1,監視,72.0,"MACDクロス(12,21,12)",MACDクロス,20,20,東京(9-15時),全曜日,下降のみ,ATR高,2024-08-14 12:20:00,2024-08-14 12:30:00,BUY,146.439,146.699,20.0,利確,427.7,467.7,-40.0,2024,2024-08,2,水,12,exclude_thu_14h,木曜日＋14時エントリーを除外
1,監視,72.0,"MACDクロス(12,21,12)",MACDクロス,20,20,東京(9-15時),全曜日,下降のみ,ATR高,2024-08-20 10:35:00,2024-08-20 11:10:00,BUY,146.437,146.516,20.0,利確,407.7,467.7,-60.0,2024,2024-08,1,火,10,exclude_thu_14h,木曜日＋14時エントリーを除外
1,監視,72.0,"MACDクロス(12,21,12)",MACDクロス,20,20,東京(9-15時),全曜日,下降のみ,ATR高,2024-08-23 11:35:00,2024-08-23 13:20:00,BUY,145.599,145.858,20.0,利確,427.7,467.7,-40.0,2024,2024-08,4,金,11,exclude_thu_14h,木曜日＋14時エントリーを除外
1,監視,72.0,"MACDクロス(12,21,12)",MACDクロス,20,20,東京(9-15時),全曜日,下降のみ,ATR高,2024-08-26 09:25:00,2024-08-26 10:40:00,SELL,143.618,143.816,-20.0,損切り,407.7,467.7,-60.0,2024,2024-08,0,月,9,exclude_thu_14h,木曜日＋14時エントリーを除外
1,監視,72.0,"MACDクロス(12,21,12)",MACDクロス,20,20,東京(9-15時),全曜日,下降のみ,ATR高,2024-09-04 09:40:00,2024-09-04 09:45:00,SELL,144.998,145.18,-20.0,損切り,407.7,467.7,-60.0,2024,2024-09,2,水,9,exclude_thu_14h,木曜日＋14時エントリーを除外
1,監視,72.0,"MACDクロス(12,21,12)",MACDクロス,20,20,東京(9-15時),全曜日,下降のみ,ATR高,2024-09-04 10:05:00,2024-09-04 10:45:00,BUY,145.313,145.512,20.0,利確,427.7,467.7,-40.0,2024,2024-09,2,水,10,exclude_thu_14h,木曜日＋14時エントリーを除外
1,監視,72.0,"MACDクロス(12,21,12)",MACDクロス,20,20,東京(9-15時),全曜日,下降のみ,ATR高,2024-09-04 11:15:00,2024-09-04 11:30:00,SELL,145.225,145.465,-20.0,損切り,407.7,467.7,-60.0,2024,2024-09,2,水,11,exclude_thu_14h,木曜日＋14時エントリーを除外
1,監視,72.0,"MACDクロス(12,21,12)",MACDクロス,20,20,東京(9-15時),全曜日,下降のみ,ATR高,2024-09-04 11:35:00,2024-09-04 13:45:00,BUY,145.463,145.299,-20.0,損切り,387.7,467.7,-80.0,2024,2024-09,2,水,11,exclude_thu_14h,木曜日＋14時エントリーを除外
1,監視,72.0,"MACDクロス(12,21,12)",MACDクロス,20,20,東京(9-15時),全曜日,下降のみ,ATR高,2024-09-11 10:00:00,2024-09-11 10:30:00,BUY,142.288,141.75,-20.0,損切り,327.7,467.7,-140.0,2024,2024-09,2,水,10,exclude_thu_14h,木曜日＋14時エントリーを除外
1,監視,72.0,"MACDクロス(12,21,12)",MACDクロス,20,20,東京(9-15時),全曜日,下降のみ,ATR高,2024-09-11 10:35:00,2024-09-11 10:35:00,SELL,141.748,141.581,20.0,利確,347.7,467.7,-120.0,2024,2024-09,2,水,10,exclude_thu_14h,木曜日＋14時エントリーを除外
1,監視,72.0,"MACDクロス(12,21,12)",MACDクロス,20,20,東京(9-15時),全曜日,下降のみ,ATR高,2024-09-11 11:50:00,2024-09-11 12:15:00,BUY,141.835,141.658,-20.0,損切り,327.7,467.7,-140.0,2024,2024-09,2,水,11,exclude_thu_14h,木曜日＋14時エントリーを除外
1,監視,72.0,"MACDクロス(12,21,12)",MACDクロス,20,20,東京(9-15時),全曜日,下降のみ,ATR高,2024-09-11 12:35:00,2024-09-11 13:05:00,SELL,141.357,141.182,20.0,利確,347.7,467.7,-120.0,2024,2024-09,2,水,12,exclude_thu_14h,木曜日＋14時エントリーを除外
1,監視,72.0,"MACDクロス(12,21,12)",MACDクロス,20,20,東京(9-15時),全曜日,下降のみ,ATR高,2024-09-13 09:55:00,2024-09-13 09:55:00,BUY,141.444,141.194,-20.0,損切り,307.7,467.7,-160.0,2024,2024-09,4,金,9,exclude_thu_14h,木曜日＋14時エントリーを除外
1,監視,72.0,"MACDクロス(12,21,12)",MACDクロス,20,20,東京(9-15時),全曜日,下降のみ,ATR高,2024-09-13 10:05:00,2024-09-13 10:20:00,SELL,141.042,141.157,-20.0,損切り,287.7,467.7,-180.0,2024,2024-09,4,金,10,exclude_thu_14h,木曜日＋14時エントリーを除外
1,監視,72.0,"MACDクロス(12,21,12)",MACDクロス,20,20,東京(9-15時),全曜日,下降のみ,ATR高,2024-09-13 10:30:00,2024-09-13 11:15:00,BUY,141.228,141.023,-20.0,損切り,267.7,467.7,-200.0,2024,2024-09,4,金,10,exclude_thu_14h,木曜日＋14時エントリーを除外
1,監視,72.0,"MACDクロス(12,21,12)",MACDクロス,20,20,東京(9-15時),全曜日,下降のみ,ATR高,2024-09-13 11:25:00,2024-09-13 13:30:00,SELL,140.935,140.655,20.0,利確,287.7,467.7,-180.0,2024,2024-09,4,金,11,exclude_thu_14h,木曜日＋14時エントリーを除外
1,監視,72.0,"MACDクロス(12,21,12)",MACDクロス,20,20,東京(9-15時),全曜日,下降のみ,ATR高,2024-09-13 13:45:00,2024-09-13 14:05:00,BUY,140.931,141.107,20.0,利確,307.7,467.7,-160.0,2024,2024-09,4,金,13,exclude_thu_14h,木曜日＋14時エントリーを除外
1,監視,72.0,"MACDクロス(12,21,12)",MACDクロス,20,20,東京(9-15時),全曜日,下降のみ,ATR高,2024-09-20 10:55:00,2024-09-20 11:50:00,BUY,142.42,142.654,20.0,利確,307.7,467.7,-160.0,2024,2024-09,4,金,10,exclude_thu_14h,木曜日＋14時エントリーを除外
1,監視,72.0,"MACDクロス(12,21,12)",MACDクロス,20,20,東京(9-15時),全曜日,下降のみ,ATR高,2024-09-20 12:10:00,2024-09-20 12:15:00,SELL,142.147,142.32,-20.0,損切り,287.7,467.7,-180.0,2024,2024-09,4,金,12,exclude_thu_14h,木曜日＋14時エントリーを除外
1,監視,72.0,"MACDクロス(12,21,12)",MACDクロス,20,20,東京(9-15時),全曜日,下降のみ,ATR高,2024-09-20 13:05:00,2024-09-20 15:15:00,BUY,142.208,142.063,-20.0,損切り,267.7,467.7,-200.0,2024,2024-09,4,金,13,exclude_thu_14h,木曜日＋14時エントリーを除外
1,監視,72.0,"MACDクロス(12,21,12)",MACDクロス,20,20,東京(9-15時),全曜日,下降のみ,ATR高,2024-10-29 11:40:00,2024-10-29 12:40:00,BUY,152.946,153.143,20.0,利確,287.7,467.7,-180.0,2024,2024-10,1,火,11,exclude_thu_14h,木曜日＋14時エントリーを除外
1,監視,72.0,"MACDクロス(12,21,12)",MACDクロス,20,20,東京(9-15時),全曜日,下降のみ,ATR高,2024-11-01 09:05:00,2024-11-01 10:35:00,BUY,152.065,152.266,20.0,利確,287.7,467.7,-180.0,2024,2024-11,4,金,9,exclude_thu_14h,木曜日＋14時エントリーを除外
1,監視,72.0,"MACDクロス(12,21,12)",MACDクロス,20,20,東京(9-15時),全曜日,下降のみ,ATR高,2024-11-04 09:25:00,2024-11-04 10:20:00,SELL,152.09,151.873,20.0,利確,307.7,467.7,-160.0,2024,2024-11,0,月,9,exclude_thu_14h,木曜日＋14時エントリーを除外
1,監視,72.0,"MACDクロス(12,21,12)",MACDクロス,20,20,東京(9-15時),全曜日,下降のみ,ATR高,2024-11-04 10:25:00,2024-11-04 12:00:00,SELL,151.873,151.682,20.0,利確,327.7,467.7,-140.0,2024,2024-11,0,月,10,exclude_thu_14h,木曜日＋14時エントリーを除外
1,監視,72.0,"MACDクロス(12,21,12)",MACDクロス,20,20,東京(9-15時),全曜日,下降のみ,ATR高,2024-11-04 12:10:00,2024-11-04 13:50:00,SELL,151.642,151.799,-20.0,損切り,307.7,467.7,-160.0,2024,2024-11,0,月,12,exclude_thu_14h,木曜日＋14時エントリーを除外
1,監視,72.0,"MACDクロス(12,21,12)",MACDクロス,20,20,東京(9-15時),全曜日,下降のみ,ATR高,2024-11-08 13:50:00,2024-11-08 15:15:00,BUY,152.722,152.938,20.0,利確,327.7,467.7,-140.0,2024,2024-11,4,金,13,exclude_thu_14h,木曜日＋14時エントリーを除外
1,監視,72.0,"MACDクロス(12,21,12)",MACDクロス,20,20,東京(9-15時),全曜日,下降のみ,ATR高,2024-11-18 10:10:00,2024-11-18 10:10:00,BUY,154.682,154.674,-20.0,損切り,307.7,467.7,-160.0,2024,2024-11,0,月,10,exclude_thu_14h,木曜日＋14時エントリーを除外
1,監視,72.0,"MACDクロス(12,21,12)",MACDクロス,20,20,東京(9-15時),全曜日,下降のみ,ATR高,2024-11-19 11:20:00,2024-11-19 12:00:00,BUY,154.23,154.005,-20.0,損切り,247.7,467.7,-220.0,2024,2024-11,1,火,11,exclude_thu_14h,木曜日＋14時エントリーを除外
1,監視,72.0,"MACDクロス(12,21,12)",MACDクロス,20,20,東京(9-15時),全曜日,下降のみ,ATR高,2024-11-22 09:40:00,2024-11-22 09:50:00,BUY,154.179,154.407,20.0,利確,247.7,467.7,-220.0,2024,2024-11,4,金,9,exclude_thu_14h,木曜日＋14時エントリーを除外
1,監視,72.0,"MACDクロス(12,21,12)",MACDクロス,20,20,東京(9-15時),全曜日,下降のみ,ATR高,2024-11-25 09:15:00,2024-11-25 09:50:00,SELL,153.974,154.186,-20.0,損切り,227.7,467.7,-240.0,2024,2024-11,0,月,9,exclude_thu_14h,木曜日＋14時エントリーを除外
1,監視,72.0,"MACDクロス(12,21,12)",MACDクロス,20,20,東京(9-15時),全曜日,下降のみ,ATR高,2024-11-25 10:30:00,2024-11-25 10:45:00,SELL,153.87,153.665,20.0,利確,247.7,467.7,-220.0,2024,2024-11,0,月,10,exclude_thu_14h,木曜日＋14時エントリーを除外
1,監視,72.0,"MACDクロス(12,21,12)",MACDクロス,20,20,東京(9-15時),全曜日,下降のみ,ATR高,2024-11-25 11:30:00,2024-11-25 11:35:00,BUY,153.748,153.576,-20.0,損切り,227.7,467.7,-240.0,2024,2024-11,0,月,11,exclude_thu_14h,木曜日＋14時エントリーを除外
1,監視,72.0,"MACDクロス(12,21,12)",MACDクロス,20,20,東京(9-15時),全曜日,下降のみ,ATR高,2024-11-25 11:45:00,2024-11-25 12:40:00,BUY,153.643,153.863,20.0,利確,247.7,467.7,-220.0,2024,2024-11,0,月,11,exclude_thu_14h,木曜日＋14時エントリーを除外
1,監視,72.0,"MACDクロス(12,21,12)",MACDクロス,20,20,東京(9-15時),全曜日,下降のみ,ATR高,2024-11-26 10:55:00,2024-11-26 12:10:00,BUY,154.085,153.797,-20.0,損切り,227.7,467.7,-240.0,2024,2024-11,1,火,10,exclude_thu_14h,木曜日＋14時エントリーを除外
1,監視,72.0,"MACDクロス(12,21,12)",MACDクロス,20,20,東京(9-15時),全曜日,下降のみ,ATR高,2024-11-27 10:10:00,2024-11-27 10:20:00,BUY,152.912,152.727,-20.0,損切り,207.7,467.7,-260.0,2024,2024-11,2,水,10,exclude_thu_14h,木曜日＋14時エントリーを除外
1,監視,72.0,"MACDクロス(12,21,12)",MACDクロス,20,20,東京(9-15時),全曜日,下降のみ,ATR高,2024-11-27 11:20:00,2024-11-27 12:10:00,BUY,152.722,152.514,-20.0,損切り,187.7,467.7,-280.0,2024,2024-11,2,水,11,exclude_thu_14h,木曜日＋14時エントリーを除外
1,監視,72.0,"MACDクロス(12,21,12)",MACDクロス,20,20,東京(9-15時),全曜日,下降のみ,ATR高,2024-11-29 11:05:00,2024-11-29 11:30:00,BUY,150.122,150.309,20.0,利確,207.7,467.7,-260.0,2024,2024-11,4,金,11,exclude_thu_14h,木曜日＋14時エントリーを除外
1,監視,72.0,"MACDクロス(12,21,12)",MACDクロス,20,20,東京(9-15時),全曜日,下降のみ,ATR高,2024-11-29 13:05:00,2024-11-29 13:20:00,SELL,150.051,149.815,20.0,利確,227.7,467.7,-240.0,2024,2024-11,4,金,13,exclude_thu_14h,木曜日＋14時エントリーを除外
1,監視,72.0,"MACDクロス(12,21,12)",MACDクロス,20,20,東京(9-15時),全曜日,下降のみ,ATR高,2024-11-29 13:55:00,2024-11-29 14:35:00,BUY,149.983,150.152,20.0,利確,247.7,467.7,-220.0,2024,2024-11,4,金,13,exclude_thu_14h,木曜日＋14時エントリーを除外
1,監視,72.0,"MACDクロス(12,21,12)",MACDクロス,20,20,東京(9-15時),全曜日,下降のみ,ATR高,2025-01-13 11:30:00,2025-01-13 14:30:00,BUY,157.531,157.341,-20.0,損切り,227.7,467.7,-240.0,2025,2025-01,0,月,11,exclude_thu_14h,木曜日＋14時エントリーを除外
1,監視,72.0,"MACDクロス(12,21,12)",MACDクロス,20,20,東京(9-15時),全曜日,下降のみ,ATR高,2025-01-17 10:40:00,2025-01-17 14:30:00,BUY,155.302,155.571,20.0,利確,287.7,467.7,-180.0,2025,2025-01,4,金,10,exclude_thu_14h,木曜日＋14時エントリーを除外
1,監視,72.0,"MACDクロス(12,21,12)",MACDクロス,20,20,東京(9-15時),全曜日,下降のみ,ATR高,2025-01-21 09:40:00,2025-01-21 09:50:00,BUY,155.277,156.1,20.0,利確,307.7,467.7,-160.0,2025,2025-01,1,火,9,exclude_thu_14h,木曜日＋14時エントリーを除外
1,監視,72.0,"MACDクロス(12,21,12)",MACDクロス,20,20,東京(9-15時),全曜日,下降のみ,ATR高,2025-01-21 12:45:00,2025-01-21 14:30:00,BUY,155.067,155.226,20.0,利確,327.7,467.7,-140.0,2025,2025-01,1,火,12,exclude_thu_14h,木曜日＋14時エントリーを除外
1,監視,72.0,"MACDクロス(12,21,12)",MACDクロス,20,20,東京(9-15時),全曜日,下降のみ,ATR高,2025-01-22 10:25:00,2025-01-22 11:20:00,BUY,155.537,155.742,20.0,利確,347.7,467.7,-120.0,2025,2025-01,2,水,10,exclude_thu_14h,木曜日＋14時エントリーを除外
1,監視,72.0,"MACDクロス(12,21,12)",MACDクロス,20,20,東京(9-15時),全曜日,下降のみ,ATR高,2025-01-27 09:30:00,2025-01-27 10:05:00,SELL,155.517,155.353,20.0,利確,387.7,467.7,-80.0,2025,2025-01,0,月,9,exclude_thu_14h,木曜日＋14時エントリーを除外
1,監視,72.0,"MACDクロス(12,21,12)",MACDクロス,20,20,東京(9-15時),全曜日,下降のみ,ATR高,2025-01-27 10:35:00,2025-01-27 12:15:00,BUY,155.543,155.749,20.0,利確,407.7,467.7,-60.0,2025,2025-01,0,月,10,exclude_thu_14h,木曜日＋14時エントリーを除外
1,監視,72.0,"MACDクロス(12,21,12)",MACDクロス,20,20,東京(9-15時),全曜日,下降のみ,ATR高,2025-01-31 09:50:00,2025-01-31 10:05:00,BUY,154.32,154.085,-20.0,損切り,347.7,467.7,-120.0,2025,2025-01,4,金,9,exclude_thu_14h,木曜日＋14時エントリーを除外
1,監視,72.0,"MACDクロス(12,21,12)",MACDクロス,20,20,東京(9-15時),全曜日,下降のみ,ATR高,2025-01-31 10:10:00,2025-01-31 12:35:00,SELL,154.086,154.283,-20.0,損切り,327.7,467.7,-140.0,2025,2025-01,4,金,10,exclude_thu_14h,木曜日＋14時エントリーを除外
1,監視,72.0,"MACDクロス(12,21,12)",MACDクロス,20,20,東京(9-15時),全曜日,下降のみ,ATR高,2025-02-05 11:40:00,2025-02-05 12:35:00,BUY,153.352,153.163,-20.0,損切り,307.7,467.7,-160.0,2025,2025-02,2,水,11,exclude_thu_14h,木曜日＋14時エントリーを除外
1,監視,72.0,"MACDクロス(12,21,12)",MACDクロス,20,20,東京(9-15時),全曜日,下降のみ,ATR高,2025-02-07 09:55:00,2025-02-07 10:00:00,BUY,151.189,151.364,20.0,利確,347.7,467.7,-120.0,2025,2025-02,4,金,9,exclude_thu_14h,木曜日＋14時エントリーを除外
1,監視,72.0,"MACDクロス(12,21,12)",MACDクロス,20,20,東京(9-15時),全曜日,下降のみ,ATR高,2025-02-14 11:00:00,2025-02-14 11:35:00,BUY,152.57,152.772,20.0,利確,367.7,467.7,-100.0,2025,2025-02,4,金,11,exclude_thu_14h,木曜日＋14時エントリーを除外
1,監視,72.0,"MACDクロス(12,21,12)",MACDクロス,20,20,東京(9-15時),全曜日,下降のみ,ATR高,2025-02-21 09:00:00,2025-02-21 09:05:00,BUY,149.478,149.679,20.0,利確,367.7,467.7,-100.0,2025,2025-02,4,金,9,exclude_thu_14h,木曜日＋14時エントリーを除外
1,監視,72.0,"MACDクロス(12,21,12)",MACDクロス,20,20,東京(9-15時),全曜日,下降のみ,ATR高,2025-02-24 10:30:00,2025-02-24 11:00:00,BUY,149.075,149.353,20.0,利確,387.7,467.7,-80.0,2025,2025-02,0,月,10,exclude_thu_14h,木曜日＋14時エントリーを除外
1,監視,72.0,"MACDクロス(12,21,12)",MACDクロス,20,20,東京(9-15時),全曜日,下降のみ,ATR高,2025-02-26 10:00:00,2025-02-26 10:30:00,BUY,148.906,149.065,20.0,利確,407.7,467.7,-60.0,2025,2025-02,2,水,10,exclude_thu_14h,木曜日＋14時エントリーを除外
1,監視,72.0,"MACDクロス(12,21,12)",MACDクロス,20,20,東京(9-15時),全曜日,下降のみ,ATR高,2025-02-28 10:45:00,2025-02-28 11:00:00,BUY,149.477,149.28,-20.0,損切り,407.7,467.7,-60.0,2025,2025-02,4,金,10,exclude_thu_14h,木曜日＋14時エントリーを除外
1,監視,72.0,"MACDクロス(12,21,12)",MACDクロス,20,20,東京(9-15時),全曜日,下降のみ,ATR高,2025-02-28 11:05:00,2025-02-28 11:30:00,SELL,149.28,149.48,-20.0,損切り,387.7,467.7,-80.0,2025,2025-02,4,金,11,exclude_thu_14h,木曜日＋14時エントリーを除外
1,監視,72.0,"MACDクロス(12,21,12)",MACDクロス,20,20,東京(9-15時),全曜日,下降のみ,ATR高,2025-03-04 09:20:00,2025-03-04 09:25:00,BUY,149.46,149.31,-20.0,損切り,367.7,467.7,-100.0,2025,2025-03,1,火,9,exclude_thu_14h,木曜日＋14時エントリーを除外
1,監視,72.0,"MACDクロス(12,21,12)",MACDクロス,20,20,東京(9-15時),全曜日,下降のみ,ATR高,2025-03-04 09:45:00,2025-03-04 09:50:00,SELL,149.027,149.188,-20.0,損切り,347.7,467.7,-120.0,2025,2025-03,1,火,9,exclude_thu_14h,木曜日＋14時エントリーを除外
1,監視,72.0,"MACDクロス(12,21,12)",MACDクロス,20,20,東京(9-15時),全曜日,下降のみ,ATR高,2025-03-04 11:00:00,2025-03-04 11:10:00,BUY,148.932,149.131,20.0,利確,367.7,467.7,-100.0,2025,2025-03,1,火,11,exclude_thu_14h,木曜日＋14時エントリーを除外
1,監視,72.0,"MACDクロス(12,21,12)",MACDクロス,20,20,東京(9-15時),全曜日,下降のみ,ATR高,2025-03-04 12:45:00,2025-03-04 13:35:00,SELL,149.133,148.965,20.0,利確,387.7,467.7,-80.0,2025,2025-03,1,火,12,exclude_thu_14h,木曜日＋14時エントリーを除外
1,監視,72.0,"MACDクロス(12,21,12)",MACDクロス,20,20,東京(9-15時),全曜日,下降のみ,ATR高,2025-03-07 09:55:00,2025-03-07 11:10:00,BUY,147.993,147.794,-20.0,損切り,387.7,467.7,-80.0,2025,2025-03,4,金,9,exclude_thu_14h,木曜日＋14時エントリーを除外
1,監視,72.0,"MACDクロス(12,21,12)",MACDクロス,20,20,東京(9-15時),全曜日,下降のみ,ATR高,2025-03-07 12:50:00,2025-03-07 17:40:00,BUY,147.561,147.377,-20.0,損切り,367.7,467.7,-100.0,2025,2025-03,4,金,12,exclude_thu_14h,木曜日＋14時エントリーを除外
1,監視,72.0,"MACDクロス(12,21,12)",MACDクロス,20,20,東京(9-15時),全曜日,下降のみ,ATR高,2025-03-10 09:25:00,2025-03-10 10:20:00,SELL,147.364,147.095,20.0,利確,387.7,467.7,-80.0,2025,2025-03,0,月,9,exclude_thu_14h,木曜日＋14時エントリーを除外
1,監視,72.0,"MACDクロス(12,21,12)",MACDクロス,20,20,東京(9-15時),全曜日,下降のみ,ATR高,2025-03-10 10:25:00,2025-03-10 10:40:00,SELL,147.097,147.274,-20.0,損切り,367.7,467.7,-100.0,2025,2025-03,0,月,10,exclude_thu_14h,木曜日＋14時エントリーを除外
1,監視,72.0,"MACDクロス(12,21,12)",MACDクロス,20,20,東京(9-15時),全曜日,下降のみ,ATR高,2025-03-10 10:45:00,2025-03-10 11:25:00,BUY,147.277,147.525,20.0,利確,387.7,467.7,-80.0,2025,2025-03,0,月,10,exclude_thu_14h,木曜日＋14時エントリーを除外
1,監視,72.0,"MACDクロス(12,21,12)",MACDクロス,20,20,東京(9-15時),全曜日,下降のみ,ATR高,2025-03-11 09:25:00,2025-03-11 09:50:00,SELL,146.743,146.626,20.0,利確,407.7,467.7,-60.0,2025,2025-03,1,火,9,exclude_thu_14h,木曜日＋14時エントリーを除外
1,監視,72.0,"MACDクロス(12,21,12)",MACDクロス,20,20,東京(9-15時),全曜日,下降のみ,ATR高,2025-03-11 10:20:00,2025-03-11 11:05:00,BUY,146.748,147.029,20.0,利確,427.7,467.7,-40.0,2025,2025-03,1,火,10,exclude_thu_14h,木曜日＋14時エントリーを除外
1,監視,72.0,"MACDクロス(12,21,12)",MACDクロス,20,20,東京(9-15時),全曜日,下降のみ,ATR高,2025-03-31 09:20:00,2025-03-31 09:50:00,SELL,149.147,149.441,-20.0,損切り,407.7,467.7,-60.0,2025,2025-03,0,月,9,exclude_thu_14h,木曜日＋14時エントリーを除外
1,監視,72.0,"MACDクロス(12,21,12)",MACDクロス,20,20,東京(9-15時),全曜日,下降のみ,ATR高,2025-03-31 09:55:00,2025-03-31 10:00:00,BUY,149.44,149.3,-20.0,損切り,387.7,467.7,-80.0,2025,2025-03,0,月,9,exclude_thu_14h,木曜日＋14時エントリーを除外
1,監視,72.0,"MACDクロス(12,21,12)",MACDクロス,20,20,東京(9-15時),全曜日,下降のみ,ATR高,2025-03-31 10:35:00,2025-03-31 11:25:00,SELL,149.086,148.817,20.0,利確,407.7,467.7,-60.0,2025,2025-03,0,月,10,exclude_thu_14h,木曜日＋14時エントリーを除外
1,監視,72.0,"MACDクロス(12,21,12)",MACDクロス,20,20,東京(9-15時),全曜日,下降のみ,ATR高,2025-03-31 12:25:00,2025-03-31 13:30:00,BUY,148.861,149.083,20.0,利確,427.7,467.7,-40.0,2025,2025-03,0,月,12,exclude_thu_14h,木曜日＋14時エントリーを除外
1,監視,72.0,"MACDクロス(12,21,12)",MACDクロス,20,20,東京(9-15時),全曜日,下降のみ,ATR高,2025-04-09 09:00:00,2025-04-09 09:05:00,BUY,145.848,145.615,-20.0,損切り,487.7,507.7,-20.0,2025,2025-04,2,水,9,exclude_thu_14h,木曜日＋14時エントリーを除外
1,監視,72.0,"MACDクロス(12,21,12)",MACDクロス,20,20,東京(9-15時),全曜日,下降のみ,ATR高,2025-04-09 09:25:00,2025-04-09 09:35:00,SELL,145.425,145.171,20.0,利確,507.7,507.7,0.0,2025,2025-04,2,水,9,exclude_thu_14h,木曜日＋14時エントリーを除外
1,監視,72.0,"MACDクロス(12,21,12)",MACDクロス,20,20,東京(9-15時),全曜日,下降のみ,ATR高,2025-04-09 10:05:00,2025-04-09 10:15:00,BUY,145.469,145.621,20.0,利確,527.7,527.7,0.0,2025,2025-04,2,水,10,exclude_thu_14h,木曜日＋14時エントリーを除外
1,監視,72.0,"MACDクロス(12,21,12)",MACDクロス,20,20,東京(9-15時),全曜日,下降のみ,ATR高,2025-04-09 12:10:00,2025-04-09 12:20:00,SELL,145.615,145.408,20.0,利確,547.7,547.7,0.0,2025,2025-04,2,水,12,exclude_thu_14h,木曜日＋14時エントリーを除外
1,監視,72.0,"MACDクロス(12,21,12)",MACDクロス,20,20,東京(9-15時),全曜日,下降のみ,ATR高,2025-04-11 09:55:00,2025-04-11 10:00:00,BUY,143.449,143.354,-20.0,損切り,547.7,567.7,-20.0,2025,2025-04,4,金,9,exclude_thu_14h,木曜日＋14時エントリーを除外
1,監視,72.0,"MACDクロス(12,21,12)",MACDクロス,20,20,東京(9-15時),全曜日,下降のみ,ATR高,2025-04-11 12:20:00,2025-04-11 12:30:00,SELL,143.384,143.178,20.0,利確,567.7,567.7,0.0,2025,2025-04,4,金,12,exclude_thu_14h,木曜日＋14時エントリーを除外
1,監視,72.0,"MACDクロス(12,21,12)",MACDクロス,20,20,東京(9-15時),全曜日,下降のみ,ATR高,2025-04-11 13:30:00,2025-04-11 13:35:00,BUY,143.276,143.016,-20.0,損切り,547.7,567.7,-20.0,2025,2025-04,4,金,13,exclude_thu_14h,木曜日＋14時エントリーを除外
1,監視,72.0,"MACDクロス(12,21,12)",MACDクロス,20,20,東京(9-15時),全曜日,下降のみ,ATR高,2025-04-11 13:40:00,2025-04-11 14:05:00,SELL,143.022,143.226,-20.0,損切り,527.7,567.7,-40.0,2025,2025-04,4,金,13,exclude_thu_14h,木曜日＋14時エントリーを除外
1,監視,72.0,"MACDクロス(12,21,12)",MACDクロス,20,20,東京(9-15時),全曜日,下降のみ,ATR高,2025-04-14 11:00:00,2025-04-14 11:25:00,BUY,142.674,142.824,20.0,利確,567.7,567.7,0.0,2025,2025-04,0,月,11,exclude_thu_14h,木曜日＋14時エントリーを除外
1,監視,72.0,"MACDクロス(12,21,12)",MACDクロス,20,20,東京(9-15時),全曜日,下降のみ,ATR高,2025-04-14 13:20:00,2025-04-14 13:20:00,SELL,142.89,142.916,20.0,利確,587.7,587.7,0.0,2025,2025-04,0,月,13,exclude_thu_14h,木曜日＋14時エントリーを除外
1,監視,72.0,"MACDクロス(12,21,12)",MACDクロス,20,20,東京(9-15時),全曜日,下降のみ,ATR高,2025-05-14 11:05:00,2025-05-14 12:30:00,BUY,147.287,147.093,-20.0,損切り,567.7,587.7,-20.0,2025,2025-05,2,水,11,exclude_thu_14h,木曜日＋14時エントリーを除外
1,監視,72.0,"MACDクロス(12,21,12)",MACDクロス,20,20,東京(9-15時),全曜日,下降のみ,ATR高,2025-05-16 10:30:00,2025-05-16 11:35:00,BUY,145.179,145.383,20.0,利確,567.7,587.7,-20.0,2025,2025-05,4,金,10,exclude_thu_14h,木曜日＋14時エントリーを除外
1,監視,72.0,"MACDクロス(12,21,12)",MACDクロス,20,20,東京(9-15時),全曜日,下降のみ,ATR高,2025-05-19 09:35:00,2025-05-19 09:50:00,SELL,145.122,144.941,20.0,利確,587.7,587.7,0.0,2025,2025-05,0,月,9,exclude_thu_14h,木曜日＋14時エントリーを除外
1,監視,72.0,"MACDクロス(12,21,12)",MACDクロス,20,20,東京(9-15時),全曜日,下降のみ,ATR高,2025-05-19 10:30:00,2025-05-19 11:05:00,BUY,145.068,145.185,20.0,利確,607.7,607.7,0.0,2025,2025-05,0,月,10,exclude_thu_14h,木曜日＋14時エントリーを除外
1,監視,72.0,"MACDクロス(12,21,12)",MACDクロス,20,20,東京(9-15時),全曜日,下降のみ,ATR高,2025-05-30 09:35:00,2025-05-30 09:55:00,BUY,143.882,143.77,-20.0,損切り,527.7,607.7,-80.0,2025,2025-05,4,金,9,exclude_thu_14h,木曜日＋14時エントリーを除外
1,監視,72.0,"MACDクロス(12,21,12)",MACDクロス,20,20,東京(9-15時),全曜日,下降のみ,ATR高,2025-05-30 10:10:00,2025-05-30 10:15:00,SELL,143.668,143.449,20.0,利確,547.7,607.7,-60.0,2025,2025-05,4,金,10,exclude_thu_14h,木曜日＋14時エントリーを除外
1,監視,72.0,"MACDクロス(12,21,12)",MACDクロス,20,20,東京(9-15時),全曜日,下降のみ,ATR高,2025-05-30 10:40:00,2025-05-30 11:10:00,BUY,143.764,143.952,20.0,利確,567.7,607.7,-40.0,2025,2025-05,4,金,10,exclude_thu_14h,木曜日＋14時エントリーを除外
1,監視,72.0,"MACDクロス(12,21,12)",MACDクロス,20,20,東京(9-15時),全曜日,下降のみ,ATR高,2025-06-13 09:55:00,2025-06-13 10:20:00,BUY,142.985,143.148,20.0,利確,647.7,647.7,0.0,2025,2025-06,4,金,9,exclude_thu_14h,木曜日＋14時エントリーを除外
1,監視,72.0,"MACDクロス(12,21,12)",MACDクロス,20,20,東京(9-15時),全曜日,下降のみ,ATR高,2025-06-13 11:45:00,2025-06-13 12:00:00,SELL,142.998,143.147,-20.0,損切り,627.7,647.7,-20.0,2025,2025-06,4,金,11,exclude_thu_14h,木曜日＋14時エントリーを除外
1,監視,72.0,"MACDクロス(12,21,12)",MACDクロス,20,20,東京(9-15時),全曜日,下降のみ,ATR高,2025-06-24 09:00:00,2025-06-24 09:30:00,BUY,145.92,145.68,-20.0,損切り,607.7,647.7,-40.0,2025,2025-06,1,火,9,exclude_thu_14h,木曜日＋14時エントリーを除外
1,監視,72.0,"MACDクロス(12,21,12)",MACDクロス,20,20,東京(9-15時),全曜日,下降のみ,ATR高,2025-06-24 09:35:00,2025-06-24 10:10:00,SELL,145.679,145.529,20.0,利確,627.7,647.7,-20.0,2025,2025-06,1,火,9,exclude_thu_14h,木曜日＋14時エントリーを除外
1,監視,72.0,"MACDクロス(12,21,12)",MACDクロス,20,20,東京(9-15時),全曜日,下降のみ,ATR高,2025-06-24 10:40:00,2025-06-24 11:35:00,BUY,145.683,145.503,-20.0,損切り,607.7,647.7,-40.0,2025,2025-06,1,火,10,exclude_thu_14h,木曜日＋14時エントリーを除外
1,監視,72.0,"MACDクロス(12,21,12)",MACDクロス,20,20,東京(9-15時),全曜日,下降のみ,ATR高,2025-06-24 11:40:00,2025-06-24 12:50:00,SELL,145.502,145.334,20.0,利確,627.7,647.7,-20.0,2025,2025-06,1,火,11,exclude_thu_14h,木曜日＋14時エントリーを除外
1,監視,72.0,"MACDクロス(12,21,12)",MACDクロス,20,20,東京(9-15時),全曜日,下降のみ,ATR高,2025-06-25 11:30:00,2025-06-25 12:55:00,BUY,144.772,144.972,20.0,利確,647.7,647.7,0.0,2025,2025-06,2,水,11,exclude_thu_14h,木曜日＋14時エントリーを除外
1,監視,72.0,"MACDクロス(12,21,12)",MACDクロス,20,20,東京(9-15時),全曜日,下降のみ,ATR高,2025-07-21 10:05:00,2025-07-21 14:25:00,BUY,148.466,148.299,-20.0,損切り,627.7,647.7,-20.0,2025,2025-07,0,月,10,exclude_thu_14h,木曜日＋14時エントリーを除外
1,監視,72.0,"MACDクロス(12,21,12)",MACDクロス,20,20,東京(9-15時),全曜日,下降のみ,ATR高,2025-07-23 10:10:00,2025-07-23 10:20:00,BUY,146.664,146.485,-20.0,損切り,607.7,647.7,-40.0,2025,2025-07,2,水,10,exclude_thu_14h,木曜日＋14時エントリーを除外
1,監視,72.0,"MACDクロス(12,21,12)",MACDクロス,20,20,東京(9-15時),全曜日,下降のみ,ATR高,2025-08-05 09:20:00,2025-08-05 09:45:00,BUY,146.828,147.023,20.0,利確,667.7,667.7,0.0,2025,2025-08,1,火,9,exclude_thu_14h,木曜日＋14時エントリーを除外
1,監視,72.0,"MACDクロス(12,21,12)",MACDクロス,20,20,東京(9-15時),全曜日,下降のみ,ATR高,2025-08-26 10:15:00,2025-08-26 11:30:00,BUY,147.31,147.491,20.0,利確,667.7,667.7,0.0,2025,2025-08,1,火,10,exclude_thu_14h,木曜日＋14時エントリーを除外
1,監視,72.0,"MACDクロス(12,21,12)",MACDクロス,20,20,東京(9-15時),全曜日,下降のみ,ATR高,2025-08-29 10:10:00,2025-08-29 15:45:00,BUY,146.917,147.113,20.0,利確,667.7,667.7,0.0,2025,2025-08,4,金,10,exclude_thu_14h,木曜日＋14時エントリーを除外
1,監視,72.0,"MACDクロス(12,21,12)",MACDクロス,20,20,東京(9-15時),全曜日,下降のみ,ATR高,2025-09-05 11:10:00,2025-09-05 21:30:00,SELL,148.107,147.439,20.0,利確,707.7,707.7,0.0,2025,2025-09,4,金,11,exclude_thu_14h,木曜日＋14時エントリーを除外
1,監視,72.0,"MACDクロス(12,21,12)",MACDクロス,20,20,東京(9-15時),全曜日,下降のみ,ATR高,2025-09-09 10:00:00,2025-09-09 13:30:00,BUY,147.345,147.195,-20.0,損切り,687.7,707.7,-20.0,2025,2025-09,1,火,10,exclude_thu_14h,木曜日＋14時エントリーを除外
1,監視,72.0,"MACDクロス(12,21,12)",MACDクロス,20,20,東京(9-15時),全曜日,下降のみ,ATR高,2025-09-19 13:50:00,2025-09-19 15:20:00,BUY,147.514,147.683,20.0,利確,707.7,707.7,0.0,2025,2025-09,4,金,13,exclude_thu_14h,木曜日＋14時エントリーを除外
1,監視,72.0,"MACDクロス(12,21,12)",MACDクロス,20,20,東京(9-15時),全曜日,下降のみ,ATR高,2025-10-17 13:15:00,2025-10-17 14:00:00,BUY,150.108,149.918,-20.0,損切り,647.7,707.7,-60.0,2025,2025-10,4,金,13,exclude_thu_14h,木曜日＋14時エントリーを除外
1,監視,72.0,"MACDクロス(12,21,12)",MACDクロス,20,20,東京(9-15時),全曜日,下降のみ,ATR高,2025-10-21 10:25:00,2025-10-21 10:40:00,BUY,150.659,150.881,20.0,利確,667.7,707.7,-40.0,2025,2025-10,1,火,10,exclude_thu_14h,木曜日＋14時エントリーを除外
1,監視,72.0,"MACDクロス(12,21,12)",MACDクロス,20,20,東京(9-15時),全曜日,下降のみ,ATR高,2025-10-28 10:30:00,2025-10-28 12:50:00,BUY,152.463,152.224,-20.0,損切り,647.7,707.7,-60.0,2025,2025-10,1,火,10,exclude_thu_14h,木曜日＋14時エントリーを除外
1,監視,72.0,"MACDクロス(12,21,12)",MACDクロス,20,20,東京(9-15時),全曜日,下降のみ,ATR高,2025-10-29 10:25:00,2025-10-29 10:40:00,BUY,151.708,151.891,20.0,利確,687.7,707.7,-20.0,2025,2025-10,2,水,10,exclude_thu_14h,木曜日＋14時エントリーを除外
1,監視,72.0,"MACDクロス(12,21,12)",MACDクロス,20,20,東京(9-15時),全曜日,下降のみ,ATR高,2025-11-05 11:00:00,2025-11-05 12:05:00,BUY,153.161,153.35,20.0,利確,707.7,707.7,0.0,2025,2025-11,2,水,11,exclude_thu_14h,木曜日＋14時エントリーを除外
1,監視,72.0,"MACDクロス(12,21,12)",MACDクロス,20,20,東京(9-15時),全曜日,下降のみ,ATR高,2025-11-21 10:30:00,2025-11-21 13:00:00,BUY,157.43,157.211,-20.0,損切り,687.7,707.7,-20.0,2025,2025-11,4,金,10,exclude_thu_14h,木曜日＋14時エントリーを除外
1,監視,72.0,"MACDクロス(12,21,12)",MACDクロス,20,20,東京(9-15時),全曜日,下降のみ,ATR高,2025-11-21 13:55:00,2025-11-21 15:05:00,BUY,157.284,157.085,-20.0,損切り,667.7,707.7,-40.0,2025,2025-11,4,金,13,exclude_thu_14h,木曜日＋14時エントリーを除外
1,監視,72.0,"MACDクロス(12,21,12)",MACDクロス,20,20,東京(9-15時),全曜日,下降のみ,ATR高,2025-11-25 11:10:00,2025-11-25 13:15:00,BUY,156.636,156.822,20.0,利確,687.7,707.7,-20.0,2025,2025-11,1,火,11,exclude_thu_14h,木曜日＋14時エントリーを除外
1,監視,72.0,"MACDクロス(12,21,12)",MACDクロス,20,20,東京(9-15時),全曜日,下降のみ,ATR高,2025-11-26 12:05:00,2025-11-26 13:10:00,BUY,155.813,156.007,20.0,利確,707.7,707.7,0.0,2025,2025-11,2,水,12,exclude_thu_14h,木曜日＋14時エントリーを除外
1,監視,72.0,"MACDクロス(12,21,12)",MACDクロス,20,20,東京(9-15時),全曜日,下降のみ,ATR高,2025-11-28 13:05:00,2025-11-28 22:55:00,BUY,156.255,156.019,-20.0,損切り,707.7,727.7,-20.0,2025,2025-11,4,金,13,exclude_thu_14h,木曜日＋14時エントリーを除外
1,監視,72.0,"MACDクロス(12,21,12)",MACDクロス,20,20,東京(9-15時),全曜日,下降のみ,ATR高,2025-12-01 10:05:00,2025-12-01 10:05:00,BUY,155.819,155.509,-20.0,損切り,687.7,727.7,-40.0,2025,2025-12,0,月,10,exclude_thu_14h,木曜日＋14時エントリーを除外
1,監視,72.0,"MACDクロス(12,21,12)",MACDクロス,20,20,東京(9-15時),全曜日,下降のみ,ATR高,2025-12-01 10:10:00,2025-12-01 10:30:00,SELL,155.51,155.78,-20.0,損切り,667.7,727.7,-60.0,2025,2025-12,0,月,10,exclude_thu_14h,木曜日＋14時エントリーを除外
1,監視,72.0,"MACDクロス(12,21,12)",MACDクロス,20,20,東京(9-15時),全曜日,下降のみ,ATR高,2025-12-01 10:35:00,2025-12-01 10:55:00,BUY,155.782,155.64,-20.0,損切り,647.7,727.7,-80.0,2025,2025-12,0,月,10,exclude_thu_14h,木曜日＋14時エントリーを除外
1,監視,72.0,"MACDクロス(12,21,12)",MACDクロス,20,20,東京(9-15時),全曜日,下降のみ,ATR高,2025-12-01 11:20:00,2025-12-01 16:40:00,SELL,155.535,155.321,20.0,利確,667.7,727.7,-60.0,2025,2025-12,0,月,11,exclude_thu_14h,木曜日＋14時エントリーを除外
1,監視,72.0,"MACDクロス(12,21,12)",MACDクロス,20,20,東京(9-15時),全曜日,下降のみ,ATR高,2025-12-16 09:40:00,2025-12-16 11:50:00,BUY,154.992,154.786,-20.0,損切り,647.7,727.7,-80.0,2025,2025-12,1,火,9,exclude_thu_14h,木曜日＋14時エントリーを除外
1,監視,72.0,"MACDクロス(12,21,12)",MACDクロス,20,20,東京(9-15時),全曜日,下降のみ,ATR高,2025-12-23 12:00:00,2025-12-23 13:00:00,BUY,156.352,156.121,-20.0,損切り,627.7,727.7,-100.0,2025,2025-12,1,火,12,exclude_thu_14h,木曜日＋14時エントリーを除外
1,監視,72.0,"MACDクロス(12,21,12)",MACDクロス,20,20,東京(9-15時),全曜日,下降のみ,ATR高,2025-12-24 09:25:00,2025-12-24 09:55:00,BUY,156.255,155.99,-20.0,損切り,607.7,727.7,-120.0,2025,2025-12,2,水,9,exclude_thu_14h,木曜日＋14時エントリーを除外
1,監視,72.0,"MACDクロス(12,21,12)",MACDクロス,20,20,東京(9-15時),全曜日,下降のみ,ATR高,2025-12-24 11:35:00,2025-12-24 12:35:00,BUY,155.705,155.913,20.0,利確,627.7,727.7,-100.0,2025,2025-12,2,水,11,exclude_thu_14h,木曜日＋14時エントリーを除外
1,監視,72.0,"MACDクロス(12,21,12)",MACDクロス,20,20,東京(9-15時),全曜日,下降のみ,ATR高,2025-12-29 10:00:00,2025-12-29 11:15:00,BUY,156.278,156.484,20.0,利確,647.7,727.7,-80.0,2025,2025-12,0,月,10,exclude_thu_14h,木曜日＋14時エントリーを除外
1,監視,72.0,"MACDクロス(12,21,12)",MACDクロス,20,20,東京(9-15時),全曜日,下降のみ,ATR高,2025-12-30 09:05:00,2025-12-30 09:50:00,BUY,156.098,156.304,20.0,利確,667.7,727.7,-60.0,2025,2025-12,1,火,9,exclude_thu_14h,木曜日＋14時エントリーを除外
1,監視,72.0,"MACDクロス(12,21,12)",MACDクロス,20,20,東京(9-15時),全曜日,下降のみ,ATR高,2026-01-16 12:55:00,2026-01-16 15:00:00,BUY,158.179,158.368,20.0,利確,707.7,727.7,-20.0,2026,2026-01,4,金,12,exclude_thu_14h,木曜日＋14時エントリーを除外
1,監視,72.0,"MACDクロス(12,21,12)",MACDクロス,20,20,東京(9-15時),全曜日,下降のみ,ATR高,2026-01-19 09:10:00,2026-01-19 09:20:00,BUY,157.787,157.599,-20.0,損切り,687.7,727.7,-40.0,2026,2026-01,0,月,9,exclude_thu_14h,木曜日＋14時エントリーを除外
1,監視,72.0,"MACDクロス(12,21,12)",MACDクロス,20,20,東京(9-15時),全曜日,下降のみ,ATR高,2026-01-19 10:00:00,2026-01-19 10:50:00,SELL,157.474,157.635,-20.0,損切り,667.7,727.7,-60.0,2026,2026-01,0,月,10,exclude_thu_14h,木曜日＋14時エントリーを除外
1,監視,72.0,"MACDクロス(12,21,12)",MACDクロス,20,20,東京(9-15時),全曜日,下降のみ,ATR高,2026-01-26 09:50:00,2026-01-26 10:00:00,SELL,154.857,154.614,20.0,利確,687.7,727.7,-40.0,2026,2026-01,0,月,9,exclude_thu_14h,木曜日＋14時エントリーを除外
1,監視,72.0,"MACDクロス(12,21,12)",MACDクロス,20,20,東京(9-15時),全曜日,下降のみ,ATR高,2026-01-26 12:05:00,2026-01-26 12:15:00,BUY,154.105,154.274,20.0,利確,707.7,727.7,-20.0,2026,2026-01,0,月,12,exclude_thu_14h,木曜日＋14時エントリーを除外
1,監視,72.0,"MACDクロス(12,21,12)",MACDクロス,20,20,東京(9-15時),全曜日,下降のみ,ATR高,2026-01-26 13:20:00,2026-01-26 14:05:00,SELL,153.893,154.021,-20.0,損切り,687.7,727.7,-40.0,2026,2026-01,0,月,13,exclude_thu_14h,木曜日＋14時エントリーを除外
1,監視,72.0,"MACDクロス(12,21,12)",MACDクロス,20,20,東京(9-15時),全曜日,下降のみ,ATR高,2026-02-06 09:45:00,2026-02-06 10:20:00,BUY,156.758,156.582,-20.0,損切り,667.7,727.7,-60.0,2026,2026-02,4,金,9,exclude_thu_14h,木曜日＋14時エントリーを除外
1,監視,72.0,"MACDクロス(12,21,12)",MACDクロス,20,20,東京(9-15時),全曜日,下降のみ,ATR高,2026-02-06 10:45:00,2026-02-06 15:00:00,BUY,156.627,156.814,20.0,利確,687.7,727.7,-40.0,2026,2026-02,4,金,10,exclude_thu_14h,木曜日＋14時エントリーを除外
1,監視,72.0,"MACDクロス(12,21,12)",MACDクロス,20,20,東京(9-15時),全曜日,下降のみ,ATR高,2026-02-09 11:00:00,2026-02-09 11:05:00,BUY,156.629,156.846,20.0,利確,707.7,727.7,-20.0,2026,2026-02,0,月,11,exclude_thu_14h,木曜日＋14時エントリーを除外
1,監視,72.0,"MACDクロス(12,21,12)",MACDクロス,20,20,東京(9-15時),全曜日,下降のみ,ATR高,2026-02-09 13:15:00,2026-02-09 14:10:00,SELL,156.805,156.62,20.0,利確,727.7,727.7,0.0,2026,2026-02,0,月,13,exclude_thu_14h,木曜日＋14時エントリーを除外
1,監視,72.0,"MACDクロス(12,21,12)",MACDクロス,20,20,東京(9-15時),全曜日,下降のみ,ATR高,2026-02-10 13:00:00,2026-02-10 14:15:00,BUY,155.328,155.108,-20.0,損切り,707.7,727.7,-20.0,2026,2026-02,1,火,13,exclude_thu_14h,木曜日＋14時エントリーを除外
1,監視,72.0,"MACDクロス(12,21,12)",MACDクロス,20,20,東京(9-15時),全曜日,下降のみ,ATR高,2026-02-11 10:50:00,2026-02-11 11:15:00,BUY,154.015,153.808,-20.0,損切り,687.7,727.7,-40.0,2026,2026-02,2,水,10,exclude_thu_14h,木曜日＋14時エントリーを除外
1,監視,72.0,"MACDクロス(12,21,12)",MACDクロス,20,20,東京(9-15時),全曜日,下降のみ,ATR高,2026-02-11 11:25:00,2026-02-11 11:55:00,SELL,153.817,153.613,20.0,利確,707.7,727.7,-20.0,2026,2026-02,2,水,11,exclude_thu_14h,木曜日＋14時エントリーを除外
1,監視,72.0,"MACDクロス(12,21,12)",MACDクロス,20,20,東京(9-15時),全曜日,下降のみ,ATR高,2026-02-11 12:20:00,2026-02-11 13:10:00,BUY,153.711,153.515,-20.0,損切り,687.7,727.7,-40.0,2026,2026-02,2,水,12,exclude_thu_14h,木曜日＋14時エントリーを除外
1,監視,72.0,"MACDクロス(12,21,12)",MACDクロス,20,20,東京(9-15時),全曜日,下降のみ,ATR高,2026-02-17 11:00:00,2026-02-17 14:25:00,SELL,153.144,152.944,20.0,利確,727.7,727.7,0.0,2026,2026-02,1,火,11,exclude_thu_14h,木曜日＋14時エントリーを除外
1,監視,72.0,"MACDクロス(12,21,12)",MACDクロス,20,20,東京(9-15時),全曜日,下降のみ,ATR高,2026-02-23 10:20:00,2026-02-23 12:05:00,BUY,154.128,154.326,20.0,利確,747.7,747.7,0.0,2026,2026-02,0,月,10,exclude_thu_14h,木曜日＋14時エントリーを除外
1,監視,72.0,"MACDクロス(12,21,12)",MACDクロス,20,20,東京(9-15時),全曜日,下降のみ,ATR高,2026-02-25 12:15:00,2026-02-25 14:55:00,BUY,155.876,155.596,-20.0,損切り,727.7,747.7,-20.0,2026,2026-02,2,水,12,exclude_thu_14h,木曜日＋14時エントリーを除外
1,監視,72.0,"MACDクロス(12,21,12)",MACDクロス,20,20,東京(9-15時),全曜日,下降のみ,ATR高,2026-02-27 10:00:00,2026-02-27 13:25:00,BUY,155.888,155.623,-20.0,損切り,707.7,747.7,-40.0,2026,2026-02,4,金,10,exclude_thu_14h,木曜日＋14時エントリーを除外
1,監視,72.0,"MACDクロス(12,21,12)",MACDクロス,20,20,東京(9-15時),全曜日,下降のみ,ATR高,2026-03-10 10:30:00,2026-03-10 15:15:00,BUY,157.732,157.565,-20.0,損切り,707.7,747.7,-40.0,2026,2026-03,1,火,10,exclude_thu_14h,木曜日＋14時エントリーを除外
1,監視,72.0,"MACDクロス(12,21,12)",MACDクロス,20,20,東京(9-15時),全曜日,下降のみ,ATR高,2026-04-08 10:55:00,2026-04-08 14:50:00,SELL,158.382,158.201,20.0,利確,727.7,747.7,-20.0,2026,2026-04,2,水,10,exclude_thu_14h,木曜日＋14時エントリーを除外
1,監視,72.0,"MACDクロス(12,21,12)",MACDクロス,20,20,東京(9-15時),全曜日,下降のみ,ATR高,2026-04-28 13:35:00,2026-04-28 15:45:00,BUY,159.059,159.282,20.0,利確,767.7,767.7,0.0,2026,2026-04,1,火,13,exclude_thu_14h,木曜日＋14時エントリーを除外
1,監視,72.0,"MACDクロス(12,21,12)",MACDクロス,20,20,東京(9-15時),全曜日,下降のみ,ATR高,2026-05-04 13:40:00,2026-05-04 15:40:00,BUY,156.703,156.908,20.0,利確,787.7,787.7,0.0,2026,2026-05,0,月,13,exclude_thu_14h,木曜日＋14時エントリーを除外
1,監視,72.0,"MACDクロス(12,21,12)",MACDクロス,20,20,東京(9-15時),全曜日,下降のみ,ATR高,2026-06-16 12:10:00,2026-06-16 13:10:00,SELL,160.076,160.288,-20.0,損切り,773.9,807.7,-33.8,2026,2026-06,1,火,12,exclude_thu_14h,木曜日＋14時エントリーを除外
1,監視,72.0,"MACDクロス(12,21,12)",MACDクロス,20,20,東京(9-15時),全曜日,下降のみ,ATR高,2026-06-26 13:50:00,2026-06-26 23:55:00,BUY,161.646,161.726,7.8,日終わり決済,781.7,807.7,-26.0,2026,2026-06,4,金,13,exclude_thu_14h,木曜日＋14時エントリーを除外
